"ГРУППА";"ПЛАН_ИД";"КТО_СОЗДАЛ";"КОГДА_СОЗДАЛ";"КТО_ИЗМЕНИЛ";"КОГДА_ИЗМЕНИЛ"
"453";38;ISU_UCHEB;2011-11-08 15:56:02.000;ISU_UCHEB;2011-11-08 15:56:02.000
"453";947;ISU_UCHEB;2011-11-08 15:56:02.000;ISU_UCHEB;2011-11-08 15:56:02.000
"454";957;ISU_UCHEB;2011-11-08 15:56:02.000;ISU_UCHEB;2011-11-08 15:56:02.000
"554";958;ISU_UCHEB;2011-11-08 15:56:02.000;ISU_UCHEB;2011-11-08 15:56:02.000
"154";962;ISU_UCHEB;2011-11-08 15:56:02.000;ISU_UCHEB;2011-11-08 15:56:02.000
"654";987;ISU_UCHEB;2011-11-08 15:56:02.000;ISU_UCHEB;2011-11-08 15:56:02.000
"638";988;ISU_UCHEB;2011-11-08 15:56:02.000;ISU_UCHEB;2011-11-08 15:56:02.000
"639";988;ISU_UCHEB;2011-11-08 15:56:02.000;ISU_UCHEB;2011-11-08 15:56:02.000
"319";997;ISU_UCHEB;2011-11-08 15:56:02.000;ISU_UCHEB;2011-11-08 15:56:02.000
"354";997;ISU_UCHEB;2011-11-08 15:56:02.000;ISU_UCHEB;2011-11-08 15:56:02.000
"254";998;ISU_UCHEB;2011-11-08 15:56:02.000;ISU_UCHEB;2011-11-08 15:56:02.000
"219";998;ISU_UCHEB;2011-11-08 15:56:02.000;ISU_UCHEB;2011-11-08 15:56:02.000
"138";1033;ISU_UCHEB;2011-11-08 15:56:02.000;ISU_UCHEB;2011-11-08 15:56:02.000
"139";1033;ISU_UCHEB;2011-11-08 15:56:02.000;ISU_UCHEB;2011-11-08 15:56:02.000
"239";1035;ISU_UCHEB;2011-11-08 15:56:02.000;ISU_UCHEB;2011-11-08 15:56:02.000
"238";1035;ISU_UCHEB;2011-11-08 15:56:02.000;ISU_UCHEB;2011-11-08 15:56:02.000
"339";1036;ISU_UCHEB;2011-11-08 15:56:02.000;ISU_UCHEB;2011-11-08 15:56:02.000
"338";1036;ISU_UCHEB;2011-11-08 15:56:02.000;ISU_UCHEB;2011-11-08 15:56:02.000
"439";1037;ISU_UCHEB;2011-11-08 15:56:02.000;ISU_UCHEB;2011-11-08 15:56:02.000
"438";1037;ISU_UCHEB;2011-11-08 15:56:02.000;ISU_UCHEB;2011-11-08 15:56:02.000
"539";1038;ISU_UCHEB;2011-11-08 15:56:02.000;ISU_UCHEB;2011-11-08 15:56:02.000
"538";1038;ISU_UCHEB;2011-11-08 15:56:02.000;ISU_UCHEB;2011-11-08 15:56:02.000
"218";1039;ISU_UCHEB;2011-11-08 15:56:02.000;ISU_UCHEB;2011-11-08 15:56:02.000
"217";1039;ISU_UCHEB;2011-11-08 15:56:02.000;ISU_UCHEB;2011-11-08 15:56:02.000
"395";1043;ISU_UCHEB;2011-11-08 15:56:02.000;ISU_UCHEB;2011-11-08 15:56:02.000
"119";273;ISU_UCHEB;2011-11-08 15:56:02.000;ISU_UCHEB;2011-11-08 15:56:02.000
"118";273;ISU_UCHEB;2011-11-08 15:56:02.000;ISU_UCHEB;2011-11-08 15:56:02.000
"154";273;ISU_UCHEB;2011-11-08 15:56:02.000;ISU_UCHEB;2011-11-08 15:56:02.000
"251";274;ISU_UCHEB;2011-11-08 15:56:02.000;ISU_UCHEB;2011-11-08 15:56:02.000
"250";274;ISU_UCHEB;2011-11-08 15:56:02.000;ISU_UCHEB;2011-11-08 15:56:02.000
"253";274;ISU_UCHEB;2011-11-08 15:56:02.000;ISU_UCHEB;2011-11-08 15:56:02.000
"252";274;ISU_UCHEB;2011-11-08 15:56:02.000;ISU_UCHEB;2011-11-08 15:56:02.000
"254";275;ISU_UCHEB;2011-11-08 15:56:02.000;ISU_UCHEB;2011-11-08 15:56:02.000
"355";276;ISU_UCHEB;2011-11-08 15:56:02.000;ISU_UCHEB;2011-11-08 15:56:02.000
"350";276;ISU_UCHEB;2011-11-08 15:56:02.000;ISU_UCHEB;2011-11-08 15:56:02.000
"351";276;ISU_UCHEB;2011-11-08 15:56:02.000;ISU_UCHEB;2011-11-08 15:56:02.000
"352";276;ISU_UCHEB;2011-11-08 15:56:02.000;ISU_UCHEB;2011-11-08 15:56:02.000
"353";276;ISU_UCHEB;2011-11-08 15:56:02.000;ISU_UCHEB;2011-11-08 15:56:02.000
"354";279;ISU_UCHEB;2011-11-08 15:56:02.000;ISU_UCHEB;2011-11-08 15:56:02.000
"451";280;ISU_UCHEB;2011-11-08 15:56:02.000;ISU_UCHEB;2011-11-08 15:56:02.000
"453";280;ISU_UCHEB;2011-11-08 15:56:02.000;ISU_UCHEB;2011-11-08 15:56:02.000
"450";280;ISU_UCHEB;2011-11-08 15:56:02.000;ISU_UCHEB;2011-11-08 15:56:02.000
"452";280;ISU_UCHEB;2011-11-08 15:56:02.000;ISU_UCHEB;2011-11-08 15:56:02.000
"455";281;ISU_UCHEB;2011-11-08 15:56:02.000;ISU_UCHEB;2011-11-08 15:56:02.000
"155";13;ISU_UCHEB;2011-11-08 15:56:02.000;ISU_UCHEB;2011-11-08 15:56:02.000
"152";13;ISU_UCHEB;2011-11-08 15:56:02.000;ISU_UCHEB;2011-11-08 15:56:02.000
"150";13;ISU_UCHEB;2011-11-08 15:56:02.000;ISU_UCHEB;2011-11-08 15:56:02.000
"151";13;ISU_UCHEB;2011-11-08 15:56:02.000;ISU_UCHEB;2011-11-08 15:56:02.000
"153";13;ISU_UCHEB;2011-11-08 15:56:02.000;ISU_UCHEB;2011-11-08 15:56:02.000
"153";14;ISU_UCHEB;2011-11-08 15:56:02.000;ISU_UCHEB;2011-11-08 15:56:02.000
"151";14;ISU_UCHEB;2011-11-08 15:56:02.000;ISU_UCHEB;2011-11-08 15:56:02.000
"152";14;ISU_UCHEB;2011-11-08 15:56:02.000;ISU_UCHEB;2011-11-08 15:56:02.000
"150";14;ISU_UCHEB;2011-11-08 15:56:02.000;ISU_UCHEB;2011-11-08 15:56:02.000
"155";14;ISU_UCHEB;2011-11-08 15:56:02.000;ISU_UCHEB;2011-11-08 15:56:02.000
"195";15;ISU_UCHEB;2011-11-08 15:56:02.000;ISU_UCHEB;2011-11-08 15:56:02.000
"152";16;ISU_UCHEB;2011-11-08 15:56:02.000;ISU_UCHEB;2011-11-08 15:56:02.000
"150";16;ISU_UCHEB;2011-11-08 15:56:02.000;ISU_UCHEB;2011-11-08 15:56:02.000
"151";16;ISU_UCHEB;2011-11-08 15:56:02.000;ISU_UCHEB;2011-11-08 15:56:02.000
"153";16;ISU_UCHEB;2011-11-08 15:56:02.000;ISU_UCHEB;2011-11-08 15:56:02.000
"251";17;ISU_UCHEB;2011-11-08 15:56:02.000;ISU_UCHEB;2011-11-08 15:56:02.000
"250";17;ISU_UCHEB;2011-11-08 15:56:02.000;ISU_UCHEB;2011-11-08 15:56:02.000
"252";17;ISU_UCHEB;2011-11-08 15:56:02.000;ISU_UCHEB;2011-11-08 15:56:02.000
"250";18;ISU_UCHEB;2011-11-08 15:56:02.000;ISU_UCHEB;2011-11-08 15:56:02.000
"252";18;ISU_UCHEB;2011-11-08 15:56:02.000;ISU_UCHEB;2011-11-08 15:56:02.000
"255";18;ISU_UCHEB;2011-11-08 15:56:02.000;ISU_UCHEB;2011-11-08 15:56:02.000
"251";18;ISU_UCHEB;2011-11-08 15:56:02.000;ISU_UCHEB;2011-11-08 15:56:02.000
"253";18;ISU_UCHEB;2011-11-08 15:56:02.000;ISU_UCHEB;2011-11-08 15:56:02.000
"295";19;ISU_UCHEB;2011-11-08 15:56:02.000;ISU_UCHEB;2011-11-08 15:56:02.000
"252";20;ISU_UCHEB;2011-11-08 15:56:02.000;ISU_UCHEB;2011-11-08 15:56:02.000
"250";20;ISU_UCHEB;2011-11-08 15:56:02.000;ISU_UCHEB;2011-11-08 15:56:02.000
"255";20;ISU_UCHEB;2011-11-08 15:56:02.000;ISU_UCHEB;2011-11-08 15:56:02.000
"253";20;ISU_UCHEB;2011-11-08 15:56:02.000;ISU_UCHEB;2011-11-08 15:56:02.000
"251";20;ISU_UCHEB;2011-11-08 15:56:02.000;ISU_UCHEB;2011-11-08 15:56:02.000
"395";21;ISU_UCHEB;2011-11-08 15:56:02.000;ISU_UCHEB;2011-11-08 15:56:02.000
"495";22;ISU_UCHEB;2011-11-08 15:56:02.000;ISU_UCHEB;2011-11-08 15:56:02.000
"551";23;ISU_UCHEB;2011-11-08 15:56:02.000;ISU_UCHEB;2011-11-08 15:56:02.000
"595";24;ISU_UCHEB;2011-11-08 15:56:02.000;ISU_UCHEB;2011-11-08 15:56:02.000
"350";25;ISU_UCHEB;2011-11-08 15:56:02.000;ISU_UCHEB;2011-11-08 15:56:02.000
"351";25;ISU_UCHEB;2011-11-08 15:56:02.000;ISU_UCHEB;2011-11-08 15:56:02.000
"351";26;ISU_UCHEB;2011-11-08 15:56:02.000;ISU_UCHEB;2011-11-08 15:56:02.000
"351";27;ISU_UCHEB;2011-11-08 15:56:02.000;ISU_UCHEB;2011-11-08 15:56:02.000
"352";27;ISU_UCHEB;2011-11-08 15:56:02.000;ISU_UCHEB;2011-11-08 15:56:02.000
"353";27;ISU_UCHEB;2011-11-08 15:56:02.000;ISU_UCHEB;2011-11-08 15:56:02.000
"350";27;ISU_UCHEB;2011-11-08 15:56:02.000;ISU_UCHEB;2011-11-08 15:56:02.000
"452";28;ISU_UCHEB;2011-11-08 15:56:02.000;ISU_UCHEB;2011-11-08 15:56:02.000
"451";29;ISU_UCHEB;2011-11-08 15:56:02.000;ISU_UCHEB;2011-11-08 15:56:02.000
"450";29;ISU_UCHEB;2011-11-08 15:56:02.000;ISU_UCHEB;2011-11-08 15:56:02.000
"451";30;ISU_UCHEB;2011-11-08 15:56:02.000;ISU_UCHEB;2011-11-08 15:56:02.000
"552";31;ISU_UCHEB;2011-11-08 15:56:02.000;ISU_UCHEB;2011-11-08 15:56:02.000
"550";32;ISU_UCHEB;2011-11-08 15:56:02.000;ISU_UCHEB;2011-11-08 15:56:02.000
"551";32;ISU_UCHEB;2011-11-08 15:56:02.000;ISU_UCHEB;2011-11-08 15:56:02.000
"651";33;ISU_UCHEB;2011-11-08 15:56:02.000;ISU_UCHEB;2011-11-08 15:56:02.000
"650";33;ISU_UCHEB;2011-11-08 15:56:02.000;ISU_UCHEB;2011-11-08 15:56:02.000
"353";34;ISU_UCHEB;2011-11-08 15:56:02.000;ISU_UCHEB;2011-11-08 15:56:02.000
"352";34;ISU_UCHEB;2011-11-08 15:56:02.000;ISU_UCHEB;2011-11-08 15:56:02.000
"352";35;ISU_UCHEB;2011-11-08 15:56:02.000;ISU_UCHEB;2011-11-08 15:56:02.000
"350";35;ISU_UCHEB;2011-11-08 15:56:02.000;ISU_UCHEB;2011-11-08 15:56:02.000
"355";36;ISU_UCHEB;2011-11-08 15:56:02.000;ISU_UCHEB;2011-11-08 15:56:02.000
"450";37;ISU_UCHEB;2011-11-08 15:56:02.000;ISU_UCHEB;2011-11-08 15:56:02.000
"453";37;ISU_UCHEB;2011-11-08 15:56:02.000;ISU_UCHEB;2011-11-08 15:56:02.000
"451";37;ISU_UCHEB;2011-11-08 15:56:02.000;ISU_UCHEB;2011-11-08 15:56:02.000
"452";38;ISU_UCHEB;2011-11-08 15:56:02.000;ISU_UCHEB;2011-11-08 15:56:02.000
"452";39;ISU_UCHEB;2011-11-08 15:56:02.000;ISU_UCHEB;2011-11-08 15:56:02.000
"450";39;ISU_UCHEB;2011-11-08 15:56:02.000;ISU_UCHEB;2011-11-08 15:56:02.000
"550";40;ISU_UCHEB;2011-11-08 15:56:02.000;ISU_UCHEB;2011-11-08 15:56:02.000
"553";40;ISU_UCHEB;2011-11-08 15:56:02.000;ISU_UCHEB;2011-11-08 15:56:02.000
"551";40;ISU_UCHEB;2011-11-08 15:56:02.000;ISU_UCHEB;2011-11-08 15:56:02.000
"553";41;ISU_UCHEB;2011-11-08 15:56:02.000;ISU_UCHEB;2011-11-08 15:56:02.000
"652";42;ISU_UCHEB;2011-11-08 15:56:02.000;ISU_UCHEB;2011-11-08 15:56:02.000
"653";42;ISU_UCHEB;2011-11-08 15:56:02.000;ISU_UCHEB;2011-11-08 15:56:02.000
"552";43;ISU_UCHEB;2011-11-08 15:56:02.000;ISU_UCHEB;2011-11-08 15:56:02.000
"552";44;ISU_UCHEB;2011-11-08 15:56:02.000;ISU_UCHEB;2011-11-08 15:56:02.000
"552";45;ISU_UCHEB;2011-11-08 15:56:02.000;ISU_UCHEB;2011-11-08 15:56:02.000
"154";81;ISU_UCHEB;2011-11-08 15:56:02.000;ISU_UCHEB;2011-11-08 15:56:02.000
"154";82;ISU_UCHEB;2011-11-08 15:56:02.000;ISU_UCHEB;2011-11-08 15:56:02.000
"154";83;ISU_UCHEB;2011-11-08 15:56:02.000;ISU_UCHEB;2011-11-08 15:56:02.000
"254";84;ISU_UCHEB;2011-11-08 15:56:02.000;ISU_UCHEB;2011-11-08 15:56:02.000
"254";85;ISU_UCHEB;2011-11-08 15:56:02.000;ISU_UCHEB;2011-11-08 15:56:02.000
"254";86;ISU_UCHEB;2011-11-08 15:56:02.000;ISU_UCHEB;2011-11-08 15:56:02.000
"354";87;ISU_UCHEB;2011-11-08 15:56:02.000;ISU_UCHEB;2011-11-08 15:56:02.000
"354";88;ISU_UCHEB;2011-11-08 15:56:02.000;ISU_UCHEB;2011-11-08 15:56:02.000
"354";89;ISU_UCHEB;2011-11-08 15:56:02.000;ISU_UCHEB;2011-11-08 15:56:02.000
"454";90;ISU_UCHEB;2011-11-08 15:56:02.000;ISU_UCHEB;2011-11-08 15:56:02.000
"454";91;ISU_UCHEB;2011-11-08 15:56:02.000;ISU_UCHEB;2011-11-08 15:56:02.000
"454";92;ISU_UCHEB;2011-11-08 15:56:02.000;ISU_UCHEB;2011-11-08 15:56:02.000
"554";93;ISU_UCHEB;2011-11-08 15:56:02.000;ISU_UCHEB;2011-11-08 15:56:02.000
"554";94;ISU_UCHEB;2011-11-08 15:56:02.000;ISU_UCHEB;2011-11-08 15:56:02.000
"654";95;ISU_UCHEB;2011-11-08 15:56:02.000;ISU_UCHEB;2011-11-08 15:56:02.000
"150";1427;ISU_UCHEB;2011-11-08 15:56:02.000;ISU_UCHEB;2011-11-08 15:56:02.000
"151";1427;ISU_UCHEB;2011-11-08 15:56:02.000;ISU_UCHEB;2011-11-08 15:56:02.000
"152";1427;ISU_UCHEB;2011-11-08 15:56:02.000;ISU_UCHEB;2011-11-08 15:56:02.000
"454";282;ISU_UCHEB;2011-11-08 15:56:02.000;ISU_UCHEB;2011-11-08 15:56:02.000
"550";283;ISU_UCHEB;2011-11-08 15:56:02.000;ISU_UCHEB;2011-11-08 15:56:02.000
"551";284;ISU_UCHEB;2011-11-08 15:56:02.000;ISU_UCHEB;2011-11-08 15:56:02.000
"554";285;ISU_UCHEB;2011-11-08 15:56:02.000;ISU_UCHEB;2011-11-08 15:56:02.000
"553";303;ISU_UCHEB;2011-11-08 15:56:02.000;ISU_UCHEB;2011-11-08 15:56:02.000
"553";304;ISU_UCHEB;2011-11-08 15:56:02.000;ISU_UCHEB;2011-11-08 15:56:02.000
"553";305;ISU_UCHEB;2011-11-08 15:56:02.000;ISU_UCHEB;2011-11-08 15:56:02.000
"652";306;ISU_UCHEB;2011-11-08 15:56:02.000;ISU_UCHEB;2011-11-08 15:56:02.000
"652";307;ISU_UCHEB;2011-11-08 15:56:02.000;ISU_UCHEB;2011-11-08 15:56:02.000
"652";308;ISU_UCHEB;2011-11-08 15:56:02.000;ISU_UCHEB;2011-11-08 15:56:02.000
"138";309;ISU_UCHEB;2011-11-08 15:56:02.000;ISU_UCHEB;2011-11-08 15:56:02.000
"139";309;ISU_UCHEB;2011-11-08 15:56:02.000;ISU_UCHEB;2011-11-08 15:56:02.000
"238";310;ISU_UCHEB;2011-11-08 15:56:02.000;ISU_UCHEB;2011-11-08 15:56:02.000
"239";310;ISU_UCHEB;2011-11-08 15:56:02.000;ISU_UCHEB;2011-11-08 15:56:02.000
"338";311;ISU_UCHEB;2011-11-08 15:56:02.000;ISU_UCHEB;2011-11-08 15:56:02.000
"339";311;ISU_UCHEB;2011-11-08 15:56:02.000;ISU_UCHEB;2011-11-08 15:56:02.000
"438";312;ISU_UCHEB;2011-11-08 15:56:02.000;ISU_UCHEB;2011-11-08 15:56:02.000
"439";312;ISU_UCHEB;2011-11-08 15:56:02.000;ISU_UCHEB;2011-11-08 15:56:02.000
"538";313;ISU_UCHEB;2011-11-08 15:56:02.000;ISU_UCHEB;2011-11-08 15:56:02.000
"539";313;ISU_UCHEB;2011-11-08 15:56:02.000;ISU_UCHEB;2011-11-08 15:56:02.000
"638";314;ISU_UCHEB;2011-11-08 15:56:02.000;ISU_UCHEB;2011-11-08 15:56:02.000
"639";314;ISU_UCHEB;2011-11-08 15:56:02.000;ISU_UCHEB;2011-11-08 15:56:02.000
"495";1097;ISU_UCHEB;2011-11-08 15:56:02.000;ISU_UCHEB;2011-11-08 15:56:02.000
"451";1118;ISU_UCHEB;2011-11-08 15:56:02.000;ISU_UCHEB;2011-11-08 15:56:02.000
"555";1120;ISU_UCHEB;2011-11-08 15:56:02.000;ISU_UCHEB;2011-11-08 15:56:02.000
"138";162;ISU_UCHEB;2011-11-08 15:56:02.000;ISU_UCHEB;2011-11-08 15:56:02.000
"139";162;ISU_UCHEB;2011-11-08 15:56:02.000;ISU_UCHEB;2011-11-08 15:56:02.000
"238";163;ISU_UCHEB;2011-11-08 15:56:02.000;ISU_UCHEB;2011-11-08 15:56:02.000
"239";163;ISU_UCHEB;2011-11-08 15:56:02.000;ISU_UCHEB;2011-11-08 15:56:02.000
"338";164;ISU_UCHEB;2011-11-08 15:56:02.000;ISU_UCHEB;2011-11-08 15:56:02.000
"339";164;ISU_UCHEB;2011-11-08 15:56:02.000;ISU_UCHEB;2011-11-08 15:56:02.000
"438";165;ISU_UCHEB;2011-11-08 15:56:02.000;ISU_UCHEB;2011-11-08 15:56:02.000
"439";165;ISU_UCHEB;2011-11-08 15:56:02.000;ISU_UCHEB;2011-11-08 15:56:02.000
"538";166;ISU_UCHEB;2011-11-08 15:56:02.000;ISU_UCHEB;2011-11-08 15:56:02.000
"539";166;ISU_UCHEB;2011-11-08 15:56:02.000;ISU_UCHEB;2011-11-08 15:56:02.000
"638";167;ISU_UCHEB;2011-11-08 15:56:02.000;ISU_UCHEB;2011-11-08 15:56:02.000
"639";167;ISU_UCHEB;2011-11-08 15:56:02.000;ISU_UCHEB;2011-11-08 15:56:02.000
"150";272;ISU_UCHEB;2011-11-08 15:56:02.000;ISU_UCHEB;2011-11-08 15:56:02.000
"151";272;ISU_UCHEB;2011-11-08 15:56:02.000;ISU_UCHEB;2011-11-08 15:56:02.000
"152";272;ISU_UCHEB;2011-11-08 15:56:02.000;ISU_UCHEB;2011-11-08 15:56:02.000
"153";272;ISU_UCHEB;2011-11-08 15:56:02.000;ISU_UCHEB;2011-11-08 15:56:02.000
"651";761;ISU_UCHEB;2011-11-08 15:56:02.000;ISU_UCHEB;2011-11-08 15:56:02.000
"650";761;ISU_UCHEB;2011-11-08 15:56:02.000;ISU_UCHEB;2011-11-08 15:56:02.000
"654";762;ISU_UCHEB;2011-11-08 15:56:02.000;ISU_UCHEB;2011-11-08 15:56:02.000
"295";771;ISU_UCHEB;2011-11-08 15:56:02.000;ISU_UCHEB;2011-11-08 15:56:02.000
"395";772;ISU_UCHEB;2011-11-08 15:56:02.000;ISU_UCHEB;2011-11-08 15:56:02.000
"496";773;ISU_UCHEB;2011-11-08 15:56:02.000;ISU_UCHEB;2011-11-08 15:56:02.000
"495";773;ISU_UCHEB;2011-11-08 15:56:02.000;ISU_UCHEB;2011-11-08 15:56:02.000
"595";774;ISU_UCHEB;2011-11-08 15:56:02.000;ISU_UCHEB;2011-11-08 15:56:02.000
"195";786;ISU_UCHEB;2011-11-08 15:56:02.000;ISU_UCHEB;2011-11-08 15:56:02.000
"118";804;ISU_UCHEB;2011-11-08 15:56:02.000;ISU_UCHEB;2011-11-08 15:56:02.000
"117";804;ISU_UCHEB;2011-11-08 15:56:02.000;ISU_UCHEB;2011-11-08 15:56:02.000
"151";813;ISU_UCHEB;2011-11-08 15:56:02.000;ISU_UCHEB;2011-11-08 15:56:02.000
"152";813;ISU_UCHEB;2011-11-08 15:56:02.000;ISU_UCHEB;2011-11-08 15:56:02.000
"153";813;ISU_UCHEB;2011-11-08 15:56:02.000;ISU_UCHEB;2011-11-08 15:56:02.000
"150";813;ISU_UCHEB;2011-11-08 15:56:02.000;ISU_UCHEB;2011-11-08 15:56:02.000
"250";870;ISU_UCHEB;2011-11-08 15:56:02.000;ISU_UCHEB;2011-11-08 15:56:02.000
"253";870;ISU_UCHEB;2011-11-08 15:56:02.000;ISU_UCHEB;2011-11-08 15:56:02.000
"252";870;ISU_UCHEB;2011-11-08 15:56:02.000;ISU_UCHEB;2011-11-08 15:56:02.000
"251";870;ISU_UCHEB;2011-11-08 15:56:02.000;ISU_UCHEB;2011-11-08 15:56:02.000
"450";872;ISU_UCHEB;2011-11-08 15:56:02.000;ISU_UCHEB;2011-11-08 15:56:02.000
"452";873;ISU_UCHEB;2011-11-08 15:56:02.000;ISU_UCHEB;2011-11-08 15:56:02.000
"552";874;ISU_UCHEB;2011-11-08 15:56:02.000;ISU_UCHEB;2011-11-08 15:56:02.000
"551";874;ISU_UCHEB;2011-11-08 15:56:02.000;ISU_UCHEB;2011-11-08 15:56:02.000
"550";874;ISU_UCHEB;2011-11-08 15:56:02.000;ISU_UCHEB;2011-11-08 15:56:02.000
"553";876;ISU_UCHEB;2011-11-08 15:56:02.000;ISU_UCHEB;2011-11-08 15:56:02.000
"555";877;ISU_UCHEB;2011-11-08 15:56:02.000;ISU_UCHEB;2011-11-08 15:56:02.000
"555";878;ISU_UCHEB;2011-11-08 15:56:02.000;ISU_UCHEB;2011-11-08 15:56:02.000
"555";879;ISU_UCHEB;2011-11-08 15:56:02.000;ISU_UCHEB;2011-11-08 15:56:02.000
"651";880;ISU_UCHEB;2011-11-08 15:56:02.000;ISU_UCHEB;2011-11-08 15:56:02.000
"653";880;ISU_UCHEB;2011-11-08 15:56:02.000;ISU_UCHEB;2011-11-08 15:56:02.000
"652";880;ISU_UCHEB;2011-11-08 15:56:02.000;ISU_UCHEB;2011-11-08 15:56:02.000
"655";881;ISU_UCHEB;2011-11-08 15:56:02.000;ISU_UCHEB;2011-11-08 15:56:02.000
"650";882;ISU_UCHEB;2011-11-08 15:56:02.000;ISU_UCHEB;2011-11-08 15:56:02.000
"650";883;ISU_UCHEB;2011-11-08 15:56:02.000;ISU_UCHEB;2011-11-08 15:56:02.000
"650";884;ISU_UCHEB;2011-11-08 15:56:02.000;ISU_UCHEB;2011-11-08 15:56:02.000
"6101";1695;ISU_UCHEB;2011-11-08 15:56:02.000;ISU_UCHEB;2011-11-08 15:56:02.000
"6102";1696;ISU_UCHEB;2011-11-08 15:56:02.000;ISU_UCHEB;2011-11-08 15:56:02.000
"6103";1697;ISU_UCHEB;2011-11-08 15:56:02.000;ISU_UCHEB;2011-11-08 15:56:02.000
"2538";1714;ISU_UCHEB;2011-11-08 15:56:02.000;ISU_UCHEB;2011-11-08 15:56:02.000
"2539";1714;ISU_UCHEB;2011-11-08 15:56:02.000;ISU_UCHEB;2011-11-08 15:56:02.000
"4100";1722;ISU_UCHEB;2011-11-08 15:56:02.000;ISU_UCHEB;2011-11-08 15:56:02.000
"4101";1722;ISU_UCHEB;2011-11-08 15:56:02.000;ISU_UCHEB;2011-11-08 15:56:02.000
"4102";1722;ISU_UCHEB;2011-11-08 15:56:02.000;ISU_UCHEB;2011-11-08 15:56:02.000
"4103";1722;ISU_UCHEB;2011-11-08 15:56:02.000;ISU_UCHEB;2011-11-08 15:56:02.000
"3100";1723;ISU_UCHEB;2011-11-08 15:56:02.000;ISU_UCHEB;2011-11-08 15:56:02.000
"3101";1723;ISU_UCHEB;2011-11-08 15:56:02.000;ISU_UCHEB;2011-11-08 15:56:02.000
"3102";1723;ISU_UCHEB;2011-11-08 15:56:02.000;ISU_UCHEB;2011-11-08 15:56:02.000
"3103";1723;ISU_UCHEB;2011-11-08 15:56:02.000;ISU_UCHEB;2011-11-08 15:56:02.000
"3120";1724;ISU_UCHEB;2011-11-08 15:56:02.000;ISU_UCHEB;2011-11-08 15:56:02.000
"2100";1726;ISU_UCHEB;2011-11-08 15:56:02.000;ISU_UCHEB;2011-11-08 15:56:02.000
"2101";1726;ISU_UCHEB;2011-11-08 15:56:02.000;ISU_UCHEB;2011-11-08 15:56:02.000
"2102";1726;ISU_UCHEB;2011-11-08 15:56:02.000;ISU_UCHEB;2011-11-08 15:56:02.000
"2103";1726;ISU_UCHEB;2011-11-08 15:56:02.000;ISU_UCHEB;2011-11-08 15:56:02.000
"2120";1727;ISU_UCHEB;2011-11-08 15:56:02.000;ISU_UCHEB;2011-11-08 15:56:02.000
"6110";1731;ISU_UCHEB;2011-11-08 15:56:02.000;ISU_UCHEB;2011-11-08 15:56:02.000
"6111";1732;ISU_UCHEB;2011-11-08 15:56:02.000;ISU_UCHEB;2011-11-08 15:56:02.000
"6112";1733;ISU_UCHEB;2011-11-08 15:56:02.000;ISU_UCHEB;2011-11-08 15:56:02.000
"3538";1757;ISU_UCHEB;2011-11-08 15:56:02.000;ISU_UCHEB;2011-11-08 15:56:02.000
"3539";1757;ISU_UCHEB;2011-11-08 15:56:02.000;ISU_UCHEB;2011-11-08 15:56:02.000
"4120";1788;ISU_UCHEB;2011-11-08 15:56:02.000;ISU_UCHEB;2011-11-08 15:56:02.000
"1100";1789;ISU_UCHEB;2011-11-08 15:56:02.000;ISU_UCHEB;2011-11-08 15:56:02.000
"4121";1788;ISU_UCHEB;2011-11-08 15:56:02.000;ISU_UCHEB;2011-11-08 15:56:02.000
"1101";1789;ISU_UCHEB;2011-11-08 15:56:02.000;ISU_UCHEB;2011-11-08 15:56:02.000
"1102";1789;ISU_UCHEB;2011-11-08 15:56:02.000;ISU_UCHEB;2011-11-08 15:56:02.000
"1103";1789;ISU_UCHEB;2011-11-08 15:56:02.000;ISU_UCHEB;2011-11-08 15:56:02.000
"1120";1790;ISU_UCHEB;2011-11-08 15:56:02.000;ISU_UCHEB;2011-11-08 15:56:02.000
"450";1428;ISU_UCHEB;2011-11-08 15:56:02.000;ISU_UCHEB;2011-11-08 15:56:02.000
"452";1429;ISU_UCHEB;2011-11-08 15:56:02.000;ISU_UCHEB;2011-11-08 15:56:02.000
"453";1430;ISU_UCHEB;2011-11-08 15:56:02.000;ISU_UCHEB;2011-11-08 15:56:02.000
"551";1432;ISU_UCHEB;2011-11-08 15:56:02.000;ISU_UCHEB;2011-11-08 15:56:02.000
"552";1433;ISU_UCHEB;2011-11-08 15:56:02.000;ISU_UCHEB;2011-11-08 15:56:02.000
"250";1435;ISU_UCHEB;2011-11-08 15:56:02.000;ISU_UCHEB;2011-11-08 15:56:02.000
"251";1435;ISU_UCHEB;2011-11-08 15:56:02.000;ISU_UCHEB;2011-11-08 15:56:02.000
"252";1435;ISU_UCHEB;2011-11-08 15:56:02.000;ISU_UCHEB;2011-11-08 15:56:02.000
"253";1435;ISU_UCHEB;2011-11-08 15:56:02.000;ISU_UCHEB;2011-11-08 15:56:02.000
"350";1436;ISU_UCHEB;2011-11-08 15:56:02.000;ISU_UCHEB;2011-11-08 15:56:02.000
"351";1436;ISU_UCHEB;2011-11-08 15:56:02.000;ISU_UCHEB;2011-11-08 15:56:02.000
"352";1436;ISU_UCHEB;2011-11-08 15:56:02.000;ISU_UCHEB;2011-11-08 15:56:02.000
"353";1436;ISU_UCHEB;2011-11-08 15:56:02.000;ISU_UCHEB;2011-11-08 15:56:02.000
"653";1437;ISU_UCHEB;2011-11-08 15:56:02.000;ISU_UCHEB;2011-11-08 15:56:02.000
"553";1447;ISU_UCHEB;2011-11-08 15:56:02.000;ISU_UCHEB;2011-11-08 15:56:02.000
"154";1453;ISU_UCHEB;2011-11-08 15:56:02.000;ISU_UCHEB;2011-11-08 15:56:02.000
"550";1454;ISU_UCHEB;2011-11-08 15:56:02.000;ISU_UCHEB;2011-11-08 15:56:02.000
"550";1455;ISU_UCHEB;2011-11-08 15:56:02.000;ISU_UCHEB;2011-11-08 15:56:02.000
"550";1456;ISU_UCHEB;2011-11-08 15:56:02.000;ISU_UCHEB;2011-11-08 15:56:02.000
"655";1457;ISU_UCHEB;2011-11-08 15:56:02.000;ISU_UCHEB;2011-11-08 15:56:02.000
"655";1458;ISU_UCHEB;2011-11-08 15:56:02.000;ISU_UCHEB;2011-11-08 15:56:02.000
"655";1459;ISU_UCHEB;2011-11-08 15:56:02.000;ISU_UCHEB;2011-11-08 15:56:02.000
"554";1460;ISU_UCHEB;2011-11-08 15:56:02.000;ISU_UCHEB;2011-11-08 15:56:02.000
"419";1462;ISU_UCHEB;2011-11-08 15:56:02.000;ISU_UCHEB;2011-11-08 15:56:02.000
"454";1462;ISU_UCHEB;2011-11-08 15:56:02.000;ISU_UCHEB;2011-11-08 15:56:02.000
"254";1498;ISU_UCHEB;2011-11-08 15:56:02.000;ISU_UCHEB;2011-11-08 15:56:02.000
"319";1540;ISU_UCHEB;2011-11-08 15:56:02.000;ISU_UCHEB;2011-11-08 15:56:02.000
"395";1541;ISU_UCHEB;2011-11-08 15:56:02.000;ISU_UCHEB;2011-11-08 15:56:02.000
"495";1542;ISU_UCHEB;2011-11-08 15:56:02.000;ISU_UCHEB;2011-11-08 15:56:02.000
"595";1543;ISU_UCHEB;2011-11-08 15:56:02.000;ISU_UCHEB;2011-11-08 15:56:02.000
"153";600;ISU_UCHEB;2011-11-08 15:56:02.000;ISU_UCHEB;2011-11-08 15:56:02.000
"150";600;ISU_UCHEB;2011-11-08 15:56:02.000;ISU_UCHEB;2011-11-08 15:56:02.000
"151";600;ISU_UCHEB;2011-11-08 15:56:02.000;ISU_UCHEB;2011-11-08 15:56:02.000
"152";600;ISU_UCHEB;2011-11-08 15:56:02.000;ISU_UCHEB;2011-11-08 15:56:02.000
"253";601;ISU_UCHEB;2011-11-08 15:56:02.000;ISU_UCHEB;2011-11-08 15:56:02.000
"595";1047;ISU_UCHEB;2011-11-08 15:56:02.000;ISU_UCHEB;2011-11-08 15:56:02.000
"596";1047;ISU_UCHEB;2011-11-08 15:56:02.000;ISU_UCHEB;2011-11-08 15:56:02.000
"295";1080;ISU_UCHEB;2011-11-08 15:56:02.000;ISU_UCHEB;2011-11-08 15:56:02.000
"195";412;ISU_UCHEB;2011-11-08 15:56:02.000;ISU_UCHEB;2011-11-08 15:56:02.000
"295";424;ISU_UCHEB;2011-11-08 15:56:02.000;ISU_UCHEB;2011-11-08 15:56:02.000
"395";436;ISU_UCHEB;2011-11-08 15:56:02.000;ISU_UCHEB;2011-11-08 15:56:02.000
"396";436;ISU_UCHEB;2011-11-08 15:56:02.000;ISU_UCHEB;2011-11-08 15:56:02.000
"495";442;ISU_UCHEB;2011-11-08 15:56:02.000;ISU_UCHEB;2011-11-08 15:56:02.000
"595";446;ISU_UCHEB;2011-11-08 15:56:02.000;ISU_UCHEB;2011-11-08 15:56:02.000
"354";1540;ISU_UCHEB;2011-11-08 15:56:02.000;ISU_UCHEB;2011-11-08 15:56:02.000
"496";1542;ISU_UCHEB;2011-11-08 15:56:02.000;ISU_UCHEB;2011-11-08 15:56:02.000
"550";1611;ISU_UCHEB;2011-11-08 15:56:02.000;ISU_UCHEB;2011-11-08 15:56:02.000
"451";1428;ISU_UCHEB;2011-11-08 15:56:02.000;ISU_UCHEB;2011-11-08 15:56:02.000
"550";1612;ISU_UCHEB;2011-11-08 15:56:02.000;ISU_UCHEB;2011-11-08 15:56:02.000
"5538";1635;ISU_UCHEB;2011-11-08 15:56:02.000;ISU_UCHEB;2011-11-08 15:56:02.000
"5539";1635;ISU_UCHEB;2011-11-08 15:56:02.000;ISU_UCHEB;2011-11-08 15:56:02.000
"5121";1643;ISU_UCHEB;2011-11-08 15:56:02.000;ISU_UCHEB;2011-11-08 15:56:02.000
"5120";1643;ISU_UCHEB;2011-11-08 15:56:02.000;ISU_UCHEB;2011-11-08 15:56:02.000
"5101";1655;ISU_UCHEB;2011-11-08 15:56:02.000;ISU_UCHEB;2011-11-08 15:56:02.000
"5102";1656;ISU_UCHEB;2011-11-08 15:56:02.000;ISU_UCHEB;2011-11-08 15:56:02.000
"5103";1657;ISU_UCHEB;2011-11-08 15:56:02.000;ISU_UCHEB;2011-11-08 15:56:02.000
"5110";1658;ISU_UCHEB;2011-11-08 15:56:02.000;ISU_UCHEB;2011-11-08 15:56:02.000
"5111";1659;ISU_UCHEB;2011-11-08 15:56:02.000;ISU_UCHEB;2011-11-08 15:56:02.000
"5112";1660;ISU_UCHEB;2011-11-08 15:56:02.000;ISU_UCHEB;2011-11-08 15:56:02.000
"6538";1676;ISU_UCHEB;2011-11-08 15:56:02.000;ISU_UCHEB;2011-11-08 15:56:02.000
"6539";1676;ISU_UCHEB;2011-11-08 15:56:02.000;ISU_UCHEB;2011-11-08 15:56:02.000
"6120";1685;ISU_UCHEB;2011-11-08 15:56:02.000;ISU_UCHEB;2011-11-08 15:56:02.000
"350";871;ISU_UCHEB;2011-11-08 15:56:02.000;ISU_UCHEB;2011-11-08 15:56:02.000
"351";871;ISU_UCHEB;2011-11-08 15:56:02.000;ISU_UCHEB;2011-11-08 15:56:02.000
"352";871;ISU_UCHEB;2011-11-08 15:56:02.000;ISU_UCHEB;2011-11-08 15:56:02.000
"353";871;ISU_UCHEB;2011-11-08 15:56:02.000;ISU_UCHEB;2011-11-08 15:56:02.000
"138";1381;ISU_UCHEB;2011-11-08 15:56:02.000;ISU_UCHEB;2011-11-08 15:56:02.000
"139";1381;ISU_UCHEB;2011-11-08 15:56:02.000;ISU_UCHEB;2011-11-08 15:56:02.000
"238";1382;ISU_UCHEB;2011-11-08 15:56:02.000;ISU_UCHEB;2011-11-08 15:56:02.000
"239";1382;ISU_UCHEB;2011-11-08 15:56:02.000;ISU_UCHEB;2011-11-08 15:56:02.000
"338";1383;ISU_UCHEB;2011-11-08 15:56:02.000;ISU_UCHEB;2011-11-08 15:56:02.000
"339";1383;ISU_UCHEB;2011-11-08 15:56:02.000;ISU_UCHEB;2011-11-08 15:56:02.000
"438";1384;ISU_UCHEB;2011-11-08 15:56:02.000;ISU_UCHEB;2011-11-08 15:56:02.000
"439";1384;ISU_UCHEB;2011-11-08 15:56:02.000;ISU_UCHEB;2011-11-08 15:56:02.000
"538";1385;ISU_UCHEB;2011-11-08 15:56:02.000;ISU_UCHEB;2011-11-08 15:56:02.000
"539";1385;ISU_UCHEB;2011-11-08 15:56:02.000;ISU_UCHEB;2011-11-08 15:56:02.000
"638";1386;ISU_UCHEB;2011-11-08 15:56:02.000;ISU_UCHEB;2011-11-08 15:56:02.000
"639";1386;ISU_UCHEB;2011-11-08 15:56:02.000;ISU_UCHEB;2011-11-08 15:56:02.000
"650";1400;ISU_UCHEB;2011-11-08 15:56:02.000;ISU_UCHEB;2011-11-08 15:56:02.000
"651";1400;ISU_UCHEB;2011-11-08 15:56:02.000;ISU_UCHEB;2011-11-08 15:56:02.000
"652";1400;ISU_UCHEB;2011-11-08 15:56:02.000;ISU_UCHEB;2011-11-08 15:56:02.000
"654";1401;ISU_UCHEB;2011-11-08 15:56:02.000;ISU_UCHEB;2011-11-08 15:56:02.000
"238";666;ISU_UCHEB;2011-11-08 15:56:02.000;ISU_UCHEB;2011-11-08 15:56:02.000
"239";666;ISU_UCHEB;2011-11-08 15:56:02.000;ISU_UCHEB;2011-11-08 15:56:02.000
"138";667;ISU_UCHEB;2011-11-08 15:56:02.000;ISU_UCHEB;2011-11-08 15:56:02.000
"139";667;ISU_UCHEB;2011-11-08 15:56:02.000;ISU_UCHEB;2011-11-08 15:56:02.000
"338";668;ISU_UCHEB;2011-11-08 15:56:02.000;ISU_UCHEB;2011-11-08 15:56:02.000
"339";668;ISU_UCHEB;2011-11-08 15:56:02.000;ISU_UCHEB;2011-11-08 15:56:02.000
"438";669;ISU_UCHEB;2011-11-08 15:56:02.000;ISU_UCHEB;2011-11-08 15:56:02.000
"439";669;ISU_UCHEB;2011-11-08 15:56:02.000;ISU_UCHEB;2011-11-08 15:56:02.000
"538";670;ISU_UCHEB;2011-11-08 15:56:02.000;ISU_UCHEB;2011-11-08 15:56:02.000
"539";670;ISU_UCHEB;2011-11-08 15:56:02.000;ISU_UCHEB;2011-11-08 15:56:02.000
"638";671;ISU_UCHEB;2011-11-08 15:56:02.000;ISU_UCHEB;2011-11-08 15:56:02.000
"639";671;ISU_UCHEB;2011-11-08 15:56:02.000;ISU_UCHEB;2011-11-08 15:56:02.000
"119";692;ISU_UCHEB;2011-11-08 15:56:02.000;ISU_UCHEB;2011-11-08 15:56:02.000
"154";692;ISU_UCHEB;2011-11-08 15:56:02.000;ISU_UCHEB;2011-11-08 15:56:02.000
"250";601;ISU_UCHEB;2011-11-08 15:56:02.000;ISU_UCHEB;2011-11-08 15:56:02.000
"251";601;ISU_UCHEB;2011-11-08 15:56:02.000;ISU_UCHEB;2011-11-08 15:56:02.000
"252";601;ISU_UCHEB;2011-11-08 15:56:02.000;ISU_UCHEB;2011-11-08 15:56:02.000
"219";602;ISU_UCHEB;2011-11-08 15:56:02.000;ISU_UCHEB;2011-11-08 15:56:02.000
"218";602;ISU_UCHEB;2011-11-08 15:56:02.000;ISU_UCHEB;2011-11-08 15:56:02.000
"254";602;ISU_UCHEB;2011-11-08 15:56:02.000;ISU_UCHEB;2011-11-08 15:56:02.000
"350";603;ISU_UCHEB;2011-11-08 15:56:02.000;ISU_UCHEB;2011-11-08 15:56:02.000
"352";603;ISU_UCHEB;2011-11-08 15:56:02.000;ISU_UCHEB;2011-11-08 15:56:02.000
"351";603;ISU_UCHEB;2011-11-08 15:56:02.000;ISU_UCHEB;2011-11-08 15:56:02.000
"353";603;ISU_UCHEB;2011-11-08 15:56:02.000;ISU_UCHEB;2011-11-08 15:56:02.000
"354";604;ISU_UCHEB;2011-11-08 15:56:02.000;ISU_UCHEB;2011-11-08 15:56:02.000
"451";605;ISU_UCHEB;2011-11-08 15:56:02.000;ISU_UCHEB;2011-11-08 15:56:02.000
"450";605;ISU_UCHEB;2011-11-08 15:56:02.000;ISU_UCHEB;2011-11-08 15:56:02.000
"452";605;ISU_UCHEB;2011-11-08 15:56:02.000;ISU_UCHEB;2011-11-08 15:56:02.000
"454";606;ISU_UCHEB;2011-11-08 15:56:02.000;ISU_UCHEB;2011-11-08 15:56:02.000
"453";607;ISU_UCHEB;2011-11-08 15:56:02.000;ISU_UCHEB;2011-11-08 15:56:02.000
"455";607;ISU_UCHEB;2011-11-08 15:56:02.000;ISU_UCHEB;2011-11-08 15:56:02.000
"551";608;ISU_UCHEB;2011-11-08 15:56:02.000;ISU_UCHEB;2011-11-08 15:56:02.000
"553";608;ISU_UCHEB;2011-11-08 15:56:02.000;ISU_UCHEB;2011-11-08 15:56:02.000
"552";608;ISU_UCHEB;2011-11-08 15:56:02.000;ISU_UCHEB;2011-11-08 15:56:02.000
"555";609;ISU_UCHEB;2011-11-08 15:56:02.000;ISU_UCHEB;2011-11-08 15:56:02.000
"554";610;ISU_UCHEB;2011-11-08 15:56:02.000;ISU_UCHEB;2011-11-08 15:56:02.000
"550";611;ISU_UCHEB;2011-11-08 15:56:02.000;ISU_UCHEB;2011-11-08 15:56:02.000
"550";612;ISU_UCHEB;2011-11-08 15:56:02.000;ISU_UCHEB;2011-11-08 15:56:02.000
"550";613;ISU_UCHEB;2011-11-08 15:56:02.000;ISU_UCHEB;2011-11-08 15:56:02.000
"653";614;ISU_UCHEB;2011-11-08 15:56:02.000;ISU_UCHEB;2011-11-08 15:56:02.000
"651";486;ISU_UCHEB;2011-11-08 15:56:02.000;ISU_UCHEB;2011-11-08 15:56:02.000
"650";486;ISU_UCHEB;2011-11-08 15:56:02.000;ISU_UCHEB;2011-11-08 15:56:02.000
"653";486;ISU_UCHEB;2011-11-08 15:56:02.000;ISU_UCHEB;2011-11-08 15:56:02.000
"654";505;ISU_UCHEB;2011-11-08 15:56:02.000;ISU_UCHEB;2011-11-08 15:56:02.000
"1538";1836;ISU_UCHEB;2011-11-08 15:56:02.000;ISU_UCHEB;2011-11-08 15:56:02.000
"1539";1836;ISU_UCHEB;2011-11-08 15:56:02.000;ISU_UCHEB;2011-11-08 15:56:02.000
"5895";1852;ISU_UCHEB;2011-11-08 15:56:02.000;ISU_UCHEB;2011-11-08 15:56:02.000
"5896";1852;ISU_UCHEB;2011-11-08 15:56:02.000;ISU_UCHEB;2011-11-08 15:56:02.000
"4538";1909;ISU_UCHEB;2011-11-08 15:56:02.000;ISU_UCHEB;2011-11-08 15:56:02.000
"4539";1909;ISU_UCHEB;2011-11-08 15:56:02.000;ISU_UCHEB;2011-11-08 15:56:02.000
"1895";1937;ISU_UCHEB;2011-11-08 15:56:02.000;ISU_UCHEB;2011-11-08 15:56:02.000
"4895";1948;ISU_UCHEB;2011-11-08 15:56:02.000;ISU_UCHEB;2011-11-08 15:56:02.000
"1508";1952;ISU_UCHEB;2011-11-08 15:56:02.000;ISU_UCHEB;2011-11-08 15:56:02.000
"3104";1723;ISU_UCHEB;2011-11-08 15:56:02.000;ISU_UCHEB;2011-11-08 15:56:02.000
"1100";2142;ISU_UCHEB;2011-11-08 15:56:02.000;ISU_UCHEB;2011-11-08 15:56:02.000
"1101";2142;ISU_UCHEB;2011-11-08 15:56:02.000;ISU_UCHEB;2011-11-08 15:56:02.000
"1102";2142;ISU_UCHEB;2011-11-08 15:56:02.000;ISU_UCHEB;2011-11-08 15:56:02.000
"1103";2142;ISU_UCHEB;2011-11-08 15:56:02.000;ISU_UCHEB;2011-11-08 15:56:02.000
"2100";2143;ISU_UCHEB;2011-11-08 15:56:02.000;ISU_UCHEB;2011-11-08 15:56:02.000
"2101";2143;ISU_UCHEB;2011-11-08 15:56:02.000;ISU_UCHEB;2011-11-08 15:56:02.000
"2102";2143;ISU_UCHEB;2011-11-08 15:56:02.000;ISU_UCHEB;2011-11-08 15:56:02.000
"2103";2143;ISU_UCHEB;2011-11-08 15:56:02.000;ISU_UCHEB;2011-11-08 15:56:02.000
"3100";2144;ISU_UCHEB;2011-11-08 15:56:02.000;ISU_UCHEB;2011-11-08 15:56:02.000
"3101";2144;ISU_UCHEB;2011-11-08 15:56:02.000;ISU_UCHEB;2011-11-08 15:56:02.000
"3102";2144;ISU_UCHEB;2011-11-08 15:56:02.000;ISU_UCHEB;2011-11-08 15:56:02.000
"3103";2144;ISU_UCHEB;2011-11-08 15:56:02.000;ISU_UCHEB;2011-11-08 15:56:02.000
"4100";2145;ISU_UCHEB;2011-11-08 15:56:02.000;ISU_UCHEB;2011-11-08 15:56:02.000
"4101";2145;ISU_UCHEB;2011-11-08 15:56:02.000;ISU_UCHEB;2011-11-08 15:56:02.000
"4102";2145;ISU_UCHEB;2011-11-08 15:56:02.000;ISU_UCHEB;2011-11-08 15:56:02.000
"4103";2145;ISU_UCHEB;2011-11-08 15:56:02.000;ISU_UCHEB;2011-11-08 15:56:02.000
"153";1427;ISU_UCHEB;2011-11-08 15:56:02.000;ISU_UCHEB;2011-11-08 15:56:02.000
"4104";2727;ISU_UCHEB;2011-11-08 15:56:02.000;ISU_UCHEB;2011-11-08 15:56:02.000
"4105";2727;ISU_UCHEB;2011-11-08 15:56:02.000;ISU_UCHEB;2011-11-08 15:56:02.000
"3104";2728;ISU_UCHEB;2011-11-08 15:56:02.000;ISU_UCHEB;2011-11-08 15:56:02.000
"1100";2837;ISU_UCHEB;2011-11-08 15:56:02.000;ISU_UCHEB;2011-11-08 15:56:02.000
"1101";2837;ISU_UCHEB;2011-11-08 15:56:02.000;ISU_UCHEB;2011-11-08 15:56:02.000
"1102";2837;ISU_UCHEB;2011-11-08 15:56:02.000;ISU_UCHEB;2011-11-08 15:56:02.000
"1103";2837;ISU_UCHEB;2011-11-08 15:56:02.000;ISU_UCHEB;2011-11-08 15:56:02.000
"4125";2838;ISU_UCHEB;2011-11-08 15:56:02.000;ISU_UCHEB;2011-11-08 15:56:02.000
"2100";2839;ISU_UCHEB;2011-11-08 15:56:02.000;ISU_UCHEB;2011-11-08 15:56:02.000
"2101";2839;ISU_UCHEB;2011-11-08 15:56:02.000;ISU_UCHEB;2011-11-08 15:56:02.000
"2102";2839;ISU_UCHEB;2011-11-08 15:56:02.000;ISU_UCHEB;2011-11-08 15:56:02.000
"2103";2839;ISU_UCHEB;2011-11-08 15:56:02.000;ISU_UCHEB;2011-11-08 15:56:02.000
"3100";2840;ISU_UCHEB;2011-11-08 15:56:02.000;ISU_UCHEB;2011-11-08 15:56:02.000
"3101";2840;ISU_UCHEB;2011-11-08 15:56:02.000;ISU_UCHEB;2011-11-08 15:56:02.000
"3102";2840;ISU_UCHEB;2011-11-08 15:56:02.000;ISU_UCHEB;2011-11-08 15:56:02.000
"3103";2840;ISU_UCHEB;2011-11-08 15:56:02.000;ISU_UCHEB;2011-11-08 15:56:02.000
"3104";2841;ISU_UCHEB;2011-11-08 15:56:02.000;ISU_UCHEB;2011-11-08 15:56:02.000
"4100";2842;ISU_UCHEB;2011-11-08 15:56:02.000;ISU_UCHEB;2011-11-08 15:56:02.000
"4101";2842;ISU_UCHEB;2011-11-08 15:56:02.000;ISU_UCHEB;2011-11-08 15:56:02.000
"4102";2842;ISU_UCHEB;2011-11-08 15:56:02.000;ISU_UCHEB;2011-11-08 15:56:02.000
"4103";2842;ISU_UCHEB;2011-11-08 15:56:02.000;ISU_UCHEB;2011-11-08 15:56:02.000
"4104";2843;ISU_UCHEB;2011-11-08 15:56:02.000;ISU_UCHEB;2011-11-08 15:56:02.000
"4105";2843;ISU_UCHEB;2011-11-08 15:56:02.000;ISU_UCHEB;2011-11-08 15:56:02.000
"5110";2844;ISU_UCHEB;2011-11-08 15:56:02.000;ISU_UCHEB;2011-11-08 15:56:02.000
"5111";2845;ISU_UCHEB;2011-11-08 15:56:02.000;ISU_UCHEB;2011-11-08 15:56:02.000
"5112";2846;ISU_UCHEB;2011-11-08 15:56:02.000;ISU_UCHEB;2011-11-08 15:56:02.000
"1120";2847;ISU_UCHEB;2011-11-08 15:56:02.000;ISU_UCHEB;2011-11-08 15:56:02.000
"1121";2847;ISU_UCHEB;2011-11-08 15:56:02.000;ISU_UCHEB;2011-11-08 15:56:02.000
"2120";2848;ISU_UCHEB;2011-11-08 15:56:02.000;ISU_UCHEB;2011-11-08 15:56:02.000
"2121";2848;ISU_UCHEB;2011-11-08 15:56:02.000;ISU_UCHEB;2011-11-08 15:56:02.000
"3120";2849;ISU_UCHEB;2011-11-08 15:56:02.000;ISU_UCHEB;2011-11-08 15:56:02.000
"4120";2850;ISU_UCHEB;2011-11-08 15:56:02.000;ISU_UCHEB;2011-11-08 15:56:02.000
"5120";2851;ISU_UCHEB;2011-11-08 15:56:02.000;ISU_UCHEB;2011-11-08 15:56:02.000
"1105";2852;ISU_UCHEB;2011-11-08 15:56:02.000;ISU_UCHEB;2011-11-08 15:56:02.000
"2105";2853;ISU_UCHEB;2011-11-08 15:56:02.000;ISU_UCHEB;2011-11-08 15:56:02.000
"5895";3335;ISU_UCHEB;2011-11-08 15:56:02.000;ISU_UCHEB;2011-11-08 15:56:02.000
"1106";4498;ISU_UCHEB;2011-11-08 15:56:02.000;ISU_UCHEB;2011-11-08 15:56:02.000
"6101";2148;ISU_UCHEB;2011-11-08 15:56:02.000;ISU_UCHEB;2011-11-08 15:56:02.000
"6102";2149;ISU_UCHEB;2011-11-08 15:56:02.000;ISU_UCHEB;2011-11-08 15:56:02.000
"6103";2150;ISU_UCHEB;2011-11-08 15:56:02.000;ISU_UCHEB;2011-11-08 15:56:02.000
"6110";2151;ISU_UCHEB;2011-11-08 15:56:02.000;ISU_UCHEB;2011-11-08 15:56:02.000
"6111";2152;ISU_UCHEB;2011-11-08 15:56:02.000;ISU_UCHEB;2011-11-08 15:56:02.000
"6112";2153;ISU_UCHEB;2011-11-08 15:56:02.000;ISU_UCHEB;2011-11-08 15:56:02.000
"1120";2154;ISU_UCHEB;2011-11-08 15:56:02.000;ISU_UCHEB;2011-11-08 15:56:02.000
"2120";2155;ISU_UCHEB;2011-11-08 15:56:02.000;ISU_UCHEB;2011-11-08 15:56:02.000
"3120";2156;ISU_UCHEB;2011-11-08 15:56:02.000;ISU_UCHEB;2011-11-08 15:56:02.000
"4120";2157;ISU_UCHEB;2011-11-08 15:56:02.000;ISU_UCHEB;2011-11-08 15:56:02.000
"6120";2158;ISU_UCHEB;2011-11-08 15:56:02.000;ISU_UCHEB;2011-11-08 15:56:02.000
"6121";2158;ISU_UCHEB;2011-11-08 15:56:02.000;ISU_UCHEB;2011-11-08 15:56:02.000
"5120";2159;ISU_UCHEB;2011-11-08 15:56:02.000;ISU_UCHEB;2011-11-08 15:56:02.000
"5121";2159;ISU_UCHEB;2011-11-08 15:56:02.000;ISU_UCHEB;2011-11-08 15:56:02.000
"5102";2160;ISU_UCHEB;2011-11-08 15:56:02.000;ISU_UCHEB;2011-11-08 15:56:02.000
"5100";2161;ISU_UCHEB;2011-11-08 15:56:02.000;ISU_UCHEB;2011-11-08 15:56:02.000
"1508";2196;ISU_UCHEB;2011-11-08 15:56:02.000;ISU_UCHEB;2011-11-08 15:56:02.000
"2508";2199;ISU_UCHEB;2011-11-08 15:56:02.000;ISU_UCHEB;2011-11-08 15:56:02.000
"1538";2233;ISU_UCHEB;2011-11-08 15:56:02.000;ISU_UCHEB;2011-11-08 15:56:02.000
"1539";2233;ISU_UCHEB;2011-11-08 15:56:02.000;ISU_UCHEB;2011-11-08 15:56:02.000
"2538";2234;ISU_UCHEB;2011-11-08 15:56:02.000;ISU_UCHEB;2011-11-08 15:56:02.000
"2539";2234;ISU_UCHEB;2011-11-08 15:56:02.000;ISU_UCHEB;2011-11-08 15:56:02.000
"3538";2235;ISU_UCHEB;2011-11-08 15:56:02.000;ISU_UCHEB;2011-11-08 15:56:02.000
"3539";2235;ISU_UCHEB;2011-11-08 15:56:02.000;ISU_UCHEB;2011-11-08 15:56:02.000
"4538";2236;ISU_UCHEB;2011-11-08 15:56:02.000;ISU_UCHEB;2011-11-08 15:56:02.000
"4539";2236;ISU_UCHEB;2011-11-08 15:56:02.000;ISU_UCHEB;2011-11-08 15:56:02.000
"6538";2237;ISU_UCHEB;2011-11-08 15:56:02.000;ISU_UCHEB;2011-11-08 15:56:02.000
"6539";2237;ISU_UCHEB;2011-11-08 15:56:02.000;ISU_UCHEB;2011-11-08 15:56:02.000
"5103";3021;ISU_UCHEB;2011-11-08 15:56:02.000;ISU_UCHEB;2011-11-08 15:56:02.000
"5102";3022;ISU_UCHEB;2011-11-08 15:56:02.000;ISU_UCHEB;2011-11-08 15:56:02.000
"5101";3023;ISU_UCHEB;2011-11-08 15:56:02.000;ISU_UCHEB;2011-11-08 15:56:02.000
"3895";3034;ISU_UCHEB;2011-11-08 15:56:02.000;ISU_UCHEB;2011-11-08 15:56:02.000
"1538";3097;ISU_UCHEB;2011-11-08 15:56:02.000;ISU_UCHEB;2011-11-08 15:56:02.000
"1539";3097;ISU_UCHEB;2011-11-08 15:56:02.000;ISU_UCHEB;2011-11-08 15:56:02.000
"2538";3098;ISU_UCHEB;2011-11-08 15:56:02.000;ISU_UCHEB;2011-11-08 15:56:02.000
"2539";3098;ISU_UCHEB;2011-11-08 15:56:02.000;ISU_UCHEB;2011-11-08 15:56:02.000
"3538";3099;ISU_UCHEB;2011-11-08 15:56:02.000;ISU_UCHEB;2011-11-08 15:56:02.000
"3539";3099;ISU_UCHEB;2011-11-08 15:56:02.000;ISU_UCHEB;2011-11-08 15:56:02.000
"4538";3100;ISU_UCHEB;2011-11-08 15:56:02.000;ISU_UCHEB;2011-11-08 15:56:02.000
"4539";3100;ISU_UCHEB;2011-11-08 15:56:02.000;ISU_UCHEB;2011-11-08 15:56:02.000
"5538";3101;ISU_UCHEB;2011-11-08 15:56:02.000;ISU_UCHEB;2011-11-08 15:56:02.000
"6538";3102;ISU_UCHEB;2011-11-08 15:56:02.000;ISU_UCHEB;2011-11-08 15:56:02.000
"6539";3102;ISU_UCHEB;2011-11-08 15:56:02.000;ISU_UCHEB;2011-11-08 15:56:02.000
"6101";3131;ISU_UCHEB;2011-11-08 15:56:02.000;ISU_UCHEB;2011-11-08 15:56:02.000
"6102";3132;ISU_UCHEB;2011-11-08 15:56:02.000;ISU_UCHEB;2011-11-08 15:56:02.000
"6103";3133;ISU_UCHEB;2011-11-08 15:56:02.000;ISU_UCHEB;2011-11-08 15:56:02.000
"6120";3134;ISU_UCHEB;2011-11-08 15:56:02.000;ISU_UCHEB;2011-11-08 15:56:02.000
"6121";3134;ISU_UCHEB;2011-11-08 15:56:02.000;ISU_UCHEB;2011-11-08 15:56:02.000
"6110";3142;ISU_UCHEB;2011-11-08 15:56:02.000;ISU_UCHEB;2011-11-08 15:56:02.000
"5100";3147;ISU_UCHEB;2011-11-08 15:56:02.000;ISU_UCHEB;2011-11-08 15:56:02.000
"6111";3144;ISU_UCHEB;2011-11-08 15:56:02.000;ISU_UCHEB;2011-11-08 15:56:02.000
"6112";3146;ISU_UCHEB;2011-11-08 15:56:02.000;ISU_UCHEB;2011-11-08 15:56:02.000
"5105";3147;ISU_UCHEB;2011-11-08 15:56:02.000;ISU_UCHEB;2011-11-08 15:56:02.000
"5104";3147;ISU_UCHEB;2011-11-08 15:56:02.000;ISU_UCHEB;2011-11-08 15:56:02.000
"5125";2851;ISU_UCHEB;2011-11-08 15:56:02.000;ISU_UCHEB;2011-11-08 15:56:02.000
"5895";2298;ISU_UCHEB;2011-11-08 15:56:02.000;ISU_UCHEB;2011-11-08 15:56:02.000
"5538";2354;ISU_UCHEB;2011-11-08 15:56:02.000;ISU_UCHEB;2011-11-08 15:56:02.000
"5539";2354;ISU_UCHEB;2011-11-08 15:56:02.000;ISU_UCHEB;2011-11-08 15:56:02.000
"5111";2358;ISU_UCHEB;2011-11-08 15:56:02.000;ISU_UCHEB;2011-11-08 15:56:02.000
"5110";2357;ISU_UCHEB;2011-11-08 15:56:02.000;ISU_UCHEB;2011-11-08 15:56:02.000
"5112";2359;ISU_UCHEB;2011-11-08 15:56:02.000;ISU_UCHEB;2011-11-08 15:56:02.000
"2895";2365;ISU_UCHEB;2011-11-08 15:56:02.000;ISU_UCHEB;2011-11-08 15:56:02.000
"1508";2818;ISU_UCHEB;2011-11-08 15:56:02.000;ISU_UCHEB;2011-11-08 15:56:02.000
"2508";2820;ISU_UCHEB;2011-11-08 15:56:02.000;ISU_UCHEB;2011-11-08 15:56:02.000
"3508";2822;ISU_UCHEB;2011-11-08 15:56:02.000;ISU_UCHEB;2011-11-08 15:56:02.000
"1121";2154;ISU_UCHEB;2011-11-08 15:56:02.000;ISU_UCHEB;2011-11-08 15:56:02.000
"5101";2161;ISU_UCHEB;2011-11-08 15:56:02.000;ISU_UCHEB;2011-11-08 15:56:02.000
"5103";2162;ISU_UCHEB;2011-11-08 15:56:02.000;ISU_UCHEB;2011-11-08 15:56:02.000
"4125";3910;ISU_UCHEB;2011-11-08 15:56:02.000;ISU_UCHEB;2011-11-08 15:56:02.000
"1100";3711;ISU_UCHEB;2011-11-08 15:56:02.000;ISU_UCHEB;2011-11-08 15:56:02.000
"1101";3711;ISU_UCHEB;2011-11-08 15:56:02.000;ISU_UCHEB;2011-11-08 15:56:02.000
"1102";3711;ISU_UCHEB;2011-11-08 15:56:02.000;ISU_UCHEB;2011-11-08 15:56:02.000
"1103";3711;ISU_UCHEB;2011-11-08 15:56:02.000;ISU_UCHEB;2011-11-08 15:56:02.000
"2100";3712;ISU_UCHEB;2011-11-08 15:56:02.000;ISU_UCHEB;2011-11-08 15:56:02.000
"2101";3712;ISU_UCHEB;2011-11-08 15:56:02.000;ISU_UCHEB;2011-11-08 15:56:02.000
"2102";3712;ISU_UCHEB;2011-11-08 15:56:02.000;ISU_UCHEB;2011-11-08 15:56:02.000
"2103";3712;ISU_UCHEB;2011-11-08 15:56:02.000;ISU_UCHEB;2011-11-08 15:56:02.000
"1105";3713;ISU_UCHEB;2011-11-08 15:56:02.000;ISU_UCHEB;2011-11-08 15:56:02.000
"2105";3714;ISU_UCHEB;2011-11-08 15:56:02.000;ISU_UCHEB;2011-11-08 15:56:02.000
"3104";3715;ISU_UCHEB;2011-11-08 15:56:02.000;ISU_UCHEB;2011-11-08 15:56:02.000
"3100";3716;ISU_UCHEB;2011-11-08 15:56:02.000;ISU_UCHEB;2011-11-08 15:56:02.000
"3101";3716;ISU_UCHEB;2011-11-08 15:56:02.000;ISU_UCHEB;2011-11-08 15:56:02.000
"3102";3716;ISU_UCHEB;2011-11-08 15:56:02.000;ISU_UCHEB;2011-11-08 15:56:02.000
"3103";3716;ISU_UCHEB;2011-11-08 15:56:02.000;ISU_UCHEB;2011-11-08 15:56:02.000
"4104";3717;ISU_UCHEB;2011-11-08 15:56:02.000;ISU_UCHEB;2011-11-08 15:56:02.000
"4105";3717;ISU_UCHEB;2011-11-08 15:56:02.000;ISU_UCHEB;2011-11-08 15:56:02.000
"4100";3718;ISU_UCHEB;2011-11-08 15:56:02.000;ISU_UCHEB;2011-11-08 15:56:02.000
"4101";3718;ISU_UCHEB;2011-11-08 15:56:02.000;ISU_UCHEB;2011-11-08 15:56:02.000
"4102";3718;ISU_UCHEB;2011-11-08 15:56:02.000;ISU_UCHEB;2011-11-08 15:56:02.000
"4103";3718;ISU_UCHEB;2011-11-08 15:56:02.000;ISU_UCHEB;2011-11-08 15:56:02.000
"5103";3719;ISU_UCHEB;2011-11-08 15:56:02.000;ISU_UCHEB;2011-11-08 15:56:02.000
"5101";3720;ISU_UCHEB;2011-11-08 15:56:02.000;ISU_UCHEB;2011-11-08 15:56:02.000
"5102";3721;ISU_UCHEB;2011-11-08 15:56:02.000;ISU_UCHEB;2011-11-08 15:56:02.000
"5110";3722;ISU_UCHEB;2011-11-08 15:56:02.000;ISU_UCHEB;2011-11-08 15:56:02.000
"5111";3723;ISU_UCHEB;2011-11-08 15:56:02.000;ISU_UCHEB;2011-11-08 15:56:02.000
"5112";3724;ISU_UCHEB;2011-11-08 15:56:02.000;ISU_UCHEB;2011-11-08 15:56:02.000
"6110";3725;ISU_UCHEB;2011-11-08 15:56:02.000;ISU_UCHEB;2011-11-08 15:56:02.000
"6111";3726;ISU_UCHEB;2011-11-08 15:56:02.000;ISU_UCHEB;2011-11-08 15:56:02.000
"6112";3727;ISU_UCHEB;2011-11-08 15:56:02.000;ISU_UCHEB;2011-11-08 15:56:02.000
"6103";3728;ISU_UCHEB;2011-11-08 15:56:02.000;ISU_UCHEB;2011-11-08 15:56:02.000
"6101";3729;ISU_UCHEB;2011-11-08 15:56:02.000;ISU_UCHEB;2011-11-08 15:56:02.000
"6102";3731;ISU_UCHEB;2011-11-08 15:56:02.000;ISU_UCHEB;2011-11-08 15:56:02.000
"1120";3732;ISU_UCHEB;2011-11-08 15:56:02.000;ISU_UCHEB;2011-11-08 15:56:02.000
"1121";3732;ISU_UCHEB;2011-11-08 15:56:02.000;ISU_UCHEB;2011-11-08 15:56:02.000
"2120";3733;ISU_UCHEB;2011-11-08 15:56:02.000;ISU_UCHEB;2011-11-08 15:56:02.000
"2121";3733;ISU_UCHEB;2011-11-08 15:56:02.000;ISU_UCHEB;2011-11-08 15:56:02.000
"3120";3734;ISU_UCHEB;2011-11-08 15:56:02.000;ISU_UCHEB;2011-11-08 15:56:02.000
"3121";3734;ISU_UCHEB;2011-11-08 15:56:02.000;ISU_UCHEB;2011-11-08 15:56:02.000
"4120";3735;ISU_UCHEB;2011-11-08 15:56:02.000;ISU_UCHEB;2011-11-08 15:56:02.000
"5120";3736;ISU_UCHEB;2011-11-08 15:56:02.000;ISU_UCHEB;2011-11-08 15:56:02.000
"6120";3737;ISU_UCHEB;2011-11-08 15:56:02.000;ISU_UCHEB;2011-11-08 15:56:02.000
"5895";4026;ISU_UCHEB;2011-11-08 15:56:02.000;ISU_UCHEB;2011-11-08 15:56:02.000
"5538";4030;ISU_UCHEB;2011-11-08 15:56:02.000;ISU_UCHEB;2011-11-08 15:56:02.000
"5539";4030;ISU_UCHEB;2011-11-08 15:56:02.000;ISU_UCHEB;2011-11-08 15:56:02.000
"6538";4031;ISU_UCHEB;2011-11-08 15:56:02.000;ISU_UCHEB;2011-11-08 15:56:02.000
"6539";4031;ISU_UCHEB;2011-11-08 15:56:02.000;ISU_UCHEB;2011-11-08 15:56:02.000
"4125";4067;ISU_UCHEB;2011-11-08 15:56:02.000;ISU_UCHEB;2011-11-08 15:56:02.000
"5100";3720;ISU_UCHEB;2011-11-08 15:56:02.000;ISU_UCHEB;2011-11-08 15:56:02.000
"4106";3717;ISU_UCHEB;2011-11-08 15:56:02.000;ISU_UCHEB;2011-11-08 15:56:02.000
"4125";4038;ISU_UCHEB;2011-11-08 15:56:02.000;ISU_UCHEB;2011-11-08 15:56:02.000
"1538";3793;ISU_UCHEB;2011-11-08 15:56:02.000;ISU_UCHEB;2011-11-08 15:56:02.000
"1539";3793;ISU_UCHEB;2011-11-08 15:56:02.000;ISU_UCHEB;2011-11-08 15:56:02.000
"2538";3794;ISU_UCHEB;2011-11-08 15:56:02.000;ISU_UCHEB;2011-11-08 15:56:02.000
"2539";3794;ISU_UCHEB;2011-11-08 15:56:02.000;ISU_UCHEB;2011-11-08 15:56:02.000
"3538";3795;ISU_UCHEB;2011-11-08 15:56:02.000;ISU_UCHEB;2011-11-08 15:56:02.000
"3539";3795;ISU_UCHEB;2011-11-08 15:56:02.000;ISU_UCHEB;2011-11-08 15:56:02.000
"4538";3796;ISU_UCHEB;2011-11-08 15:56:02.000;ISU_UCHEB;2011-11-08 15:56:02.000
"4539";3796;ISU_UCHEB;2011-11-08 15:56:02.000;ISU_UCHEB;2011-11-08 15:56:02.000
"5538";3797;ISU_UCHEB;2011-11-08 15:56:02.000;ISU_UCHEB;2011-11-08 15:56:02.000
"6538";3799;ISU_UCHEB;2011-11-08 15:56:02.000;ISU_UCHEB;2011-11-08 15:56:02.000
"6539";3799;ISU_UCHEB;2011-11-08 15:56:02.000;ISU_UCHEB;2011-11-08 15:56:02.000
"5120";4574;ISU_UCHEB;2011-11-08 15:56:02.000;ISU_UCHEB;2011-11-08 15:56:02.000
"5125";4575;ISU_UCHEB;2011-11-08 15:56:02.000;ISU_UCHEB;2011-11-08 15:56:02.000
"5100";4693;ISU_UCHEB;2011-11-08 15:56:02.000;ISU_UCHEB;2011-11-08 15:56:02.000
"5101";4693;ISU_UCHEB;2011-11-08 15:56:02.000;ISU_UCHEB;2011-11-08 15:56:02.000
"5104";4693;ISU_UCHEB;2011-11-08 15:56:02.000;ISU_UCHEB;2011-11-08 15:56:02.000
"5105";4693;ISU_UCHEB;2011-11-08 15:56:02.000;ISU_UCHEB;2011-11-08 15:56:02.000
"5106";4693;ISU_UCHEB;2011-11-08 15:56:02.000;ISU_UCHEB;2011-11-08 15:56:02.000
"5102";4694;ISU_UCHEB;2011-11-08 15:56:02.000;ISU_UCHEB;2011-11-08 15:56:02.000
"5103";4695;ISU_UCHEB;2011-11-08 15:56:02.000;ISU_UCHEB;2011-11-08 15:56:02.000
"5110";4696;ISU_UCHEB;2011-11-08 15:56:02.000;ISU_UCHEB;2011-11-08 15:56:02.000
"5110";4697;ISU_UCHEB;2011-11-08 15:56:02.000;ISU_UCHEB;2011-11-08 15:56:02.000
"5111";4698;ISU_UCHEB;2011-11-08 15:56:02.000;ISU_UCHEB;2011-11-08 15:56:02.000
"5111";4699;ISU_UCHEB;2011-11-08 15:56:02.000;ISU_UCHEB;2011-11-08 15:56:02.000
"5112";4700;ISU_UCHEB;2011-11-08 15:56:02.000;ISU_UCHEB;2011-11-08 15:56:02.000
"5112";4701;ISU_UCHEB;2011-11-08 15:56:02.000;ISU_UCHEB;2011-11-08 15:56:02.000
"6110";4714;ISU_UCHEB;2011-11-08 15:56:02.000;ISU_UCHEB;2011-11-08 15:56:02.000
"6111";4716;ISU_UCHEB;2011-11-08 15:56:02.000;ISU_UCHEB;2011-11-08 15:56:02.000
"6112";4705;ISU_UCHEB;2011-11-08 15:56:02.000;ISU_UCHEB;2011-11-08 15:56:02.000
"6103";4706;ISU_UCHEB;2011-11-08 15:56:02.000;ISU_UCHEB;2011-11-08 15:56:02.000
"6101";4707;ISU_UCHEB;2011-11-08 15:56:02.000;ISU_UCHEB;2011-11-08 15:56:02.000
"6102";4708;ISU_UCHEB;2011-11-08 15:56:02.000;ISU_UCHEB;2011-11-08 15:56:02.000
"1100";4709;ISU_UCHEB;2011-11-08 15:56:02.000;ISU_UCHEB;2011-11-08 15:56:02.000
"1101";4709;ISU_UCHEB;2011-11-08 15:56:02.000;ISU_UCHEB;2011-11-08 15:56:02.000
"2100";4710;ISU_UCHEB;2011-11-08 15:56:02.000;ISU_UCHEB;2011-11-08 15:56:02.000
"2101";4710;ISU_UCHEB;2011-11-08 15:56:02.000;ISU_UCHEB;2011-11-08 15:56:02.000
"6112";4713;ISU_UCHEB;2011-11-08 15:56:02.000;ISU_UCHEB;2011-11-08 15:56:02.000
"6110";4715;ISU_UCHEB;2011-11-08 15:56:02.000;ISU_UCHEB;2011-11-08 15:56:02.000
"6111";4717;ISU_UCHEB;2011-11-08 15:56:02.000;ISU_UCHEB;2011-11-08 15:56:02.000
"5539";4331;ISU_UCHEB;2011-11-08 15:56:02.000;ISU_UCHEB;2011-11-08 15:56:02.000
"6538";4332;ISU_UCHEB;2011-11-08 15:56:02.000;ISU_UCHEB;2011-11-08 15:56:02.000
"6539";4332;ISU_UCHEB;2011-11-08 15:56:02.000;ISU_UCHEB;2011-11-08 15:56:02.000
"5539";5599;ISU_UCHEB;2011-11-08 15:56:02.000;ISU_UCHEB;2011-11-08 15:56:02.000
"5538";5600;ISU_UCHEB;2011-11-08 15:56:02.000;ISU_UCHEB;2011-11-08 15:56:02.000
"5508";4539;ISU_UCHEB;2011-11-08 15:56:02.000;ISU_UCHEB;2011-11-08 15:56:02.000
"4895";4366;ISU_UCHEB;2011-11-08 15:56:02.000;ISU_UCHEB;2011-11-08 15:56:02.000
"1120";6385;ISU_UCHEB;2011-11-08 15:56:02.000;ISU_UCHEB;2011-11-08 15:56:02.000
"2120";6386;ISU_UCHEB;2011-11-08 15:56:02.000;ISU_UCHEB;2011-11-08 15:56:02.000
"5110";6388;ISU_UCHEB;2011-11-08 15:56:02.000;ISU_UCHEB;2011-11-08 15:56:02.000
"5111";6389;ISU_UCHEB;2011-11-08 15:56:02.000;ISU_UCHEB;2011-11-08 15:56:02.000
"6110";6391;ISU_UCHEB;2011-11-08 15:56:02.000;ISU_UCHEB;2011-11-08 15:56:02.000
"5895";4401;ISU_UCHEB;2011-11-08 15:56:02.000;ISU_UCHEB;2011-11-08 15:56:02.000
"5538";4402;ISU_UCHEB;2011-11-08 15:56:02.000;ISU_UCHEB;2011-11-08 15:56:02.000
"5539";4402;ISU_UCHEB;2011-11-08 15:56:02.000;ISU_UCHEB;2011-11-08 15:56:02.000
"6538";4470;ISU_UCHEB;2011-11-08 15:56:02.000;ISU_UCHEB;2011-11-08 15:56:02.000
"6539";4470;ISU_UCHEB;2011-11-08 15:56:02.000;ISU_UCHEB;2011-11-08 15:56:02.000
"1100";4496;ISU_UCHEB;2011-11-08 15:56:02.000;ISU_UCHEB;2011-11-08 15:56:02.000
"1101";4496;ISU_UCHEB;2011-11-08 15:56:02.000;ISU_UCHEB;2011-11-08 15:56:02.000
"2100";4497;ISU_UCHEB;2011-11-08 15:56:02.000;ISU_UCHEB;2011-11-08 15:56:02.000
"2101";4497;ISU_UCHEB;2011-11-08 15:56:02.000;ISU_UCHEB;2011-11-08 15:56:02.000
"2102";4497;ISU_UCHEB;2011-11-08 15:56:02.000;ISU_UCHEB;2011-11-08 15:56:02.000
"2103";4497;ISU_UCHEB;2011-11-08 15:56:02.000;ISU_UCHEB;2011-11-08 15:56:02.000
"1105";4498;ISU_UCHEB;2011-11-08 15:56:02.000;ISU_UCHEB;2011-11-08 15:56:02.000
"2105";4499;ISU_UCHEB;2011-11-08 15:56:02.000;ISU_UCHEB;2011-11-08 15:56:02.000
"3104";4500;ISU_UCHEB;2011-11-08 15:56:02.000;ISU_UCHEB;2011-11-08 15:56:02.000
"3100";4501;ISU_UCHEB;2011-11-08 15:56:02.000;ISU_UCHEB;2011-11-08 15:56:02.000
"3101";4501;ISU_UCHEB;2011-11-08 15:56:02.000;ISU_UCHEB;2011-11-08 15:56:02.000
"3102";4501;ISU_UCHEB;2011-11-08 15:56:02.000;ISU_UCHEB;2011-11-08 15:56:02.000
"3103";4501;ISU_UCHEB;2011-11-08 15:56:02.000;ISU_UCHEB;2011-11-08 15:56:02.000
"4104";4502;ISU_UCHEB;2011-11-08 15:56:02.000;ISU_UCHEB;2011-11-08 15:56:02.000
"5539";3797;ISU_UCHEB;2011-11-08 15:56:02.000;ISU_UCHEB;2011-11-08 15:56:02.000
"4539";3906;ISU_UCHEB;2011-11-08 15:56:02.000;ISU_UCHEB;2011-11-08 15:56:02.000
"4538";3907;ISU_UCHEB;2011-11-08 15:56:02.000;ISU_UCHEB;2011-11-08 15:56:02.000
"1508";4159;ISU_UCHEB;2011-11-08 15:56:02.000;ISU_UCHEB;2011-11-08 15:56:02.000
"2508";4161;ISU_UCHEB;2011-11-08 15:56:02.000;ISU_UCHEB;2011-11-08 15:56:02.000
"3508";4163;ISU_UCHEB;2011-11-08 15:56:02.000;ISU_UCHEB;2011-11-08 15:56:02.000
"4508";4165;ISU_UCHEB;2011-11-08 15:56:02.000;ISU_UCHEB;2011-11-08 15:56:02.000
"1508";3870;ISU_UCHEB;2011-11-08 15:56:02.000;ISU_UCHEB;2011-11-08 15:56:02.000
"2508";3872;ISU_UCHEB;2011-11-08 15:56:02.000;ISU_UCHEB;2011-11-08 15:56:02.000
"3508";3874;ISU_UCHEB;2011-11-08 15:56:02.000;ISU_UCHEB;2011-11-08 15:56:02.000
"4508";3876;ISU_UCHEB;2011-11-08 15:56:02.000;ISU_UCHEB;2011-11-08 15:56:02.000
"5104";3720;ISU_UCHEB;2011-11-08 15:56:02.000;ISU_UCHEB;2011-11-08 15:56:02.000
"4105";4502;ISU_UCHEB;2011-11-08 15:56:02.000;ISU_UCHEB;2011-11-08 15:56:02.000
"5110";3892;ISU_UCHEB;2011-11-08 15:56:02.000;ISU_UCHEB;2011-11-08 15:56:02.000
"5539";3101;ISU_UCHEB;2011-11-08 15:56:02.000;ISU_UCHEB;2011-11-08 15:56:02.000
"4100";4503;ISU_UCHEB;2011-11-08 15:56:02.000;ISU_UCHEB;2011-11-08 15:56:02.000
"4101";4503;ISU_UCHEB;2011-11-08 15:56:02.000;ISU_UCHEB;2011-11-08 15:56:02.000
"4102";4503;ISU_UCHEB;2011-11-08 15:56:02.000;ISU_UCHEB;2011-11-08 15:56:02.000
"4103";4503;ISU_UCHEB;2011-11-08 15:56:02.000;ISU_UCHEB;2011-11-08 15:56:02.000
"5103";4504;ISU_UCHEB;2011-11-08 15:56:02.000;ISU_UCHEB;2011-11-08 15:56:02.000
"5101";4505;ISU_UCHEB;2011-11-08 15:56:02.000;ISU_UCHEB;2011-11-08 15:56:02.000
"5104";4505;ISU_UCHEB;2011-11-08 15:56:02.000;ISU_UCHEB;2011-11-08 15:56:02.000
"5102";4506;ISU_UCHEB;2011-11-08 15:56:02.000;ISU_UCHEB;2011-11-08 15:56:02.000
"5110";4507;ISU_UCHEB;2011-11-08 15:56:02.000;ISU_UCHEB;2011-11-08 15:56:02.000
"5111";4541;ISU_UCHEB;2011-11-08 15:56:02.000;ISU_UCHEB;2011-11-08 15:56:02.000
"6110";4510;ISU_UCHEB;2011-11-08 15:56:02.000;ISU_UCHEB;2011-11-08 15:56:02.000
"6111";4511;ISU_UCHEB;2011-11-08 15:56:02.000;ISU_UCHEB;2011-11-08 15:56:02.000
"6112";4512;ISU_UCHEB;2011-11-08 15:56:02.000;ISU_UCHEB;2011-11-08 15:56:02.000
"6103";4513;ISU_UCHEB;2011-11-08 15:56:02.000;ISU_UCHEB;2011-11-08 15:56:02.000
"6101";4514;ISU_UCHEB;2011-11-08 15:56:02.000;ISU_UCHEB;2011-11-08 15:56:02.000
"6102";4515;ISU_UCHEB;2011-11-08 15:56:02.000;ISU_UCHEB;2011-11-08 15:56:02.000
"1120";4516;ISU_UCHEB;2011-11-08 15:56:02.000;ISU_UCHEB;2011-11-08 15:56:02.000
"2120";4517;ISU_UCHEB;2011-11-08 15:56:02.000;ISU_UCHEB;2011-11-08 15:56:02.000
"2121";4517;ISU_UCHEB;2011-11-08 15:56:02.000;ISU_UCHEB;2011-11-08 15:56:02.000
"3120";4518;ISU_UCHEB;2011-11-08 15:56:02.000;ISU_UCHEB;2011-11-08 15:56:02.000
"3121";4518;ISU_UCHEB;2011-11-08 15:56:02.000;ISU_UCHEB;2011-11-08 15:56:02.000
"4120";4519;ISU_UCHEB;2011-11-08 15:56:02.000;ISU_UCHEB;2011-11-08 15:56:02.000
"5120";4520;ISU_UCHEB;2011-11-08 15:56:02.000;ISU_UCHEB;2011-11-08 15:56:02.000
"6120";4521;ISU_UCHEB;2011-11-08 15:56:02.000;ISU_UCHEB;2011-11-08 15:56:02.000
"5105";4505;ISU_UCHEB;2011-11-08 15:56:02.000;ISU_UCHEB;2011-11-08 15:56:02.000
"3105";4500;ISU_UCHEB;2011-11-08 15:56:02.000;ISU_UCHEB;2011-11-08 15:56:02.000
"4121";4519;ISU_UCHEB;2011-11-08 15:56:02.000;ISU_UCHEB;2011-11-08 15:56:02.000
"5112";4542;ISU_UCHEB;2011-11-08 15:56:02.000;ISU_UCHEB;2011-11-08 15:56:02.000
"4106";4502;ISU_UCHEB;2011-11-08 15:56:02.000;ISU_UCHEB;2011-11-08 15:56:02.000
"5100";4505;ISU_UCHEB;2011-11-08 15:56:02.000;ISU_UCHEB;2011-11-08 15:56:02.000
"5106";4505;ISU_UCHEB;2011-11-08 15:56:02.000;ISU_UCHEB;2011-11-08 15:56:02.000
"5539";4655;ISU_UCHEB;2011-11-08 15:56:02.000;ISU_UCHEB;2011-11-08 15:56:02.000
"5110";4581;ISU_UCHEB;2011-11-08 15:56:02.000;ISU_UCHEB;2011-11-08 15:56:02.000
"5111";4582;ISU_UCHEB;2011-11-08 15:56:02.000;ISU_UCHEB;2011-11-08 15:56:02.000
"5112";4583;ISU_UCHEB;2011-11-08 15:56:02.000;ISU_UCHEB;2011-11-08 15:56:02.000
"1121";4646;ISU_UCHEB;2011-11-08 15:56:02.000;ISU_UCHEB;2011-11-08 15:56:02.000
"1122";4618;ISU_UCHEB;2011-11-08 15:56:02.000;ISU_UCHEB;2011-11-08 15:56:02.000
"5538";4654;ISU_UCHEB;2011-11-08 15:56:02.000;ISU_UCHEB;2011-11-08 15:56:02.000
"5539";4654;ISU_UCHEB;2011-11-08 15:56:02.000;ISU_UCHEB;2011-11-08 15:56:02.000
"5538";4655;ISU_UCHEB;2011-11-08 15:56:02.000;ISU_UCHEB;2011-11-08 15:56:02.000
"6538";4656;ISU_UCHEB;2011-11-08 15:56:02.000;ISU_UCHEB;2011-11-08 15:56:02.000
"6539";4656;ISU_UCHEB;2011-11-08 15:56:02.000;ISU_UCHEB;2011-11-08 15:56:02.000
"6538";4657;ISU_UCHEB;2011-11-08 15:56:02.000;ISU_UCHEB;2011-11-08 15:56:02.000
"6539";4657;ISU_UCHEB;2011-11-08 15:56:02.000;ISU_UCHEB;2011-11-08 15:56:02.000
"6538";4658;ISU_UCHEB;2011-11-08 15:56:02.000;ISU_UCHEB;2011-11-08 15:56:02.000
"6539";4658;ISU_UCHEB;2011-11-08 15:56:02.000;ISU_UCHEB;2011-11-08 15:56:02.000
"6538";4659;ISU_UCHEB;2011-11-08 15:56:02.000;ISU_UCHEB;2011-11-08 15:56:02.000
"6539";4659;ISU_UCHEB;2011-11-08 15:56:02.000;ISU_UCHEB;2011-11-08 15:56:02.000
"6538";4660;ISU_UCHEB;2011-11-08 15:56:02.000;ISU_UCHEB;2011-11-08 15:56:02.000
"6539";4660;ISU_UCHEB;2011-11-08 15:56:02.000;ISU_UCHEB;2011-11-08 15:56:02.000
"6538";4661;ISU_UCHEB;2011-11-08 15:56:02.000;ISU_UCHEB;2011-11-08 15:56:02.000
"6539";4661;ISU_UCHEB;2011-11-08 15:56:02.000;ISU_UCHEB;2011-11-08 15:56:02.000
"5102";4669;ISU_UCHEB;2011-11-08 15:56:02.000;ISU_UCHEB;2011-11-08 15:56:02.000
"1125";6384;ISU_UCHEB;2011-11-08 15:56:02.000;ISU_UCHEB;2011-11-08 15:56:02.000
"1508";5054;ISU_UCHEB;2011-11-08 15:56:02.000;ISU_UCHEB;2011-11-08 15:56:02.000
"5508";4876;ISU_UCHEB;2011-11-08 15:56:02.000;ISU_UCHEB;2011-11-08 15:56:02.000
"1538";5099;ISU_UCHEB;2011-11-08 15:56:02.000;ISU_UCHEB;2011-11-08 15:56:02.000
"1539";5099;ISU_UCHEB;2011-11-08 15:56:02.000;ISU_UCHEB;2011-11-08 15:56:02.000
"2538";5100;ISU_UCHEB;2011-11-08 15:56:02.000;ISU_UCHEB;2011-11-08 15:56:02.000
"2539";5100;ISU_UCHEB;2011-11-08 15:56:02.000;ISU_UCHEB;2011-11-08 15:56:02.000
"2106";5373;ISU_UCHEB;2011-11-08 15:56:02.000;ISU_UCHEB;2011-11-08 15:56:02.000
"1120";5377;ISU_UCHEB;2011-11-08 15:56:02.000;ISU_UCHEB;2011-11-08 15:56:02.000
"1121";5377;ISU_UCHEB;2011-11-08 15:56:02.000;ISU_UCHEB;2011-11-08 15:56:02.000
"2120";5378;ISU_UCHEB;2011-11-08 15:56:02.000;ISU_UCHEB;2011-11-08 15:56:02.000
"2105";5373;ISU_UCHEB;2011-11-08 15:56:02.000;ISU_UCHEB;2011-11-08 15:56:02.000
"5111";5621;ISU_UCHEB;2011-11-08 15:56:02.000;ISU_UCHEB;2011-11-08 15:56:02.000
"4103";5285;ISU_UCHEB;2011-11-08 15:56:02.000;ISU_UCHEB;2011-11-08 15:56:02.000
"5110";5620;ISU_UCHEB;2011-11-08 15:56:02.000;ISU_UCHEB;2011-11-08 15:56:02.000
"5112";5622;ISU_UCHEB;2011-11-08 15:56:02.000;ISU_UCHEB;2011-11-08 15:56:02.000
"1105";4718;ISU_UCHEB;2011-11-08 15:56:02.000;ISU_UCHEB;2011-11-08 15:56:02.000
"1106";4718;ISU_UCHEB;2011-11-08 15:56:02.000;ISU_UCHEB;2011-11-08 15:56:02.000
"3508";5185;ISU_UCHEB;2011-11-08 15:56:02.000;ISU_UCHEB;2011-11-08 15:56:02.000
"4508";5187;ISU_UCHEB;2011-11-08 15:56:02.000;ISU_UCHEB;2011-11-08 15:56:02.000
"4895";3848;ISU_UCHEB;2011-11-08 15:56:02.000;ISU_UCHEB;2011-11-08 15:56:02.000
"1538";4327;ISU_UCHEB;2011-11-08 15:56:02.000;ISU_UCHEB;2011-11-08 15:56:02.000
"1539";4327;ISU_UCHEB;2011-11-08 15:56:02.000;ISU_UCHEB;2011-11-08 15:56:02.000
"2538";4328;ISU_UCHEB;2011-11-08 15:56:02.000;ISU_UCHEB;2011-11-08 15:56:02.000
"2539";4328;ISU_UCHEB;2011-11-08 15:56:02.000;ISU_UCHEB;2011-11-08 15:56:02.000
"3538";4329;ISU_UCHEB;2011-11-08 15:56:02.000;ISU_UCHEB;2011-11-08 15:56:02.000
"3539";4329;ISU_UCHEB;2011-11-08 15:56:02.000;ISU_UCHEB;2011-11-08 15:56:02.000
"4538";4330;ISU_UCHEB;2011-11-08 15:56:02.000;ISU_UCHEB;2011-11-08 15:56:02.000
"4539";4330;ISU_UCHEB;2011-11-08 15:56:02.000;ISU_UCHEB;2011-11-08 15:56:02.000
"5538";4331;ISU_UCHEB;2011-11-08 15:56:02.000;ISU_UCHEB;2011-11-08 15:56:02.000
"1106";5603;ISU_UCHEB;2011-11-08 15:56:02.000;ISU_UCHEB;2011-11-08 15:56:02.000
"6110";6197;ISU_UCHEB;2011-11-08 15:56:02.000;ISU_UCHEB;2011-11-08 15:56:02.000
"6111";6198;ISU_UCHEB;2011-11-08 15:56:02.000;ISU_UCHEB;2011-11-08 15:56:02.000
"1125";5456;ISU_UCHEB;2011-11-08 15:56:02.000;ISU_UCHEB;2011-11-08 15:56:02.000
"2125";5457;ISU_UCHEB;2011-11-08 15:56:02.000;ISU_UCHEB;2011-11-08 15:56:02.000
"5120";4872;ISU_UCHEB;2011-11-08 15:56:02.000;ISU_UCHEB;2011-11-08 15:56:02.000
"5121";4872;ISU_UCHEB;2011-11-08 15:56:02.000;ISU_UCHEB;2011-11-08 15:56:02.000
"5121";4817;ISU_UCHEB;2011-11-08 15:56:02.000;ISU_UCHEB;2011-11-08 15:56:02.000
"6120";4981;ISU_UCHEB;2011-11-08 15:56:02.000;ISU_UCHEB;2011-11-08 15:56:02.000
"3125";5458;ISU_UCHEB;2011-11-08 15:56:02.000;ISU_UCHEB;2011-11-08 15:56:02.000
"6538";5381;ISU_UCHEB;2011-11-08 15:56:02.000;ISU_UCHEB;2011-11-08 15:56:02.000
"1103";5603;ISU_UCHEB;2011-11-08 15:56:02.000;ISU_UCHEB;2011-11-08 15:56:02.000
"1105";5603;ISU_UCHEB;2011-11-08 15:56:02.000;ISU_UCHEB;2011-11-08 15:56:02.000
"1100";5604;ISU_UCHEB;2011-11-08 15:56:02.000;ISU_UCHEB;2011-11-08 15:56:02.000
"1101";5604;ISU_UCHEB;2011-11-08 15:56:02.000;ISU_UCHEB;2011-11-08 15:56:02.000
"2105";5605;ISU_UCHEB;2011-11-08 15:56:02.000;ISU_UCHEB;2011-11-08 15:56:02.000
"2106";5605;ISU_UCHEB;2011-11-08 15:56:02.000;ISU_UCHEB;2011-11-08 15:56:02.000
"2100";5606;ISU_UCHEB;2011-11-08 15:56:02.000;ISU_UCHEB;2011-11-08 15:56:02.000
"2101";5606;ISU_UCHEB;2011-11-08 15:56:02.000;ISU_UCHEB;2011-11-08 15:56:02.000
"3104";5607;ISU_UCHEB;2011-11-08 15:56:02.000;ISU_UCHEB;2011-11-08 15:56:02.000
"3106";5607;ISU_UCHEB;2011-11-08 15:56:02.000;ISU_UCHEB;2011-11-08 15:56:02.000
"3100";5608;ISU_UCHEB;2011-11-08 15:56:02.000;ISU_UCHEB;2011-11-08 15:56:02.000
"3101";5608;ISU_UCHEB;2011-11-08 15:56:02.000;ISU_UCHEB;2011-11-08 15:56:02.000
"4103";5609;ISU_UCHEB;2011-11-08 15:56:02.000;ISU_UCHEB;2011-11-08 15:56:02.000
"4104";5609;ISU_UCHEB;2011-11-08 15:56:02.000;ISU_UCHEB;2011-11-08 15:56:02.000
"4105";5609;ISU_UCHEB;2011-11-08 15:56:02.000;ISU_UCHEB;2011-11-08 15:56:02.000
"4106";5609;ISU_UCHEB;2011-11-08 15:56:02.000;ISU_UCHEB;2011-11-08 15:56:02.000
"5103";5610;ISU_UCHEB;2011-11-08 15:56:02.000;ISU_UCHEB;2011-11-08 15:56:02.000
"5102";5611;ISU_UCHEB;2011-11-08 15:56:02.000;ISU_UCHEB;2011-11-08 15:56:02.000
"5101";5612;ISU_UCHEB;2011-11-08 15:56:02.000;ISU_UCHEB;2011-11-08 15:56:02.000
"6113";6487;ISU_UCHEB;2011-11-08 15:56:02.000;ISU_UCHEB;2011-11-08 15:56:02.000
"1125";5613;ISU_UCHEB;2011-11-08 15:56:02.000;ISU_UCHEB;2011-11-08 15:56:02.000
"1120";5614;ISU_UCHEB;2011-11-08 15:56:02.000;ISU_UCHEB;2011-11-08 15:56:02.000
"2120";5616;ISU_UCHEB;2011-11-08 15:56:02.000;ISU_UCHEB;2011-11-08 15:56:02.000
"6110";5623;ISU_UCHEB;2011-11-08 15:56:02.000;ISU_UCHEB;2011-11-08 15:56:02.000
"1538";5676;ISU_UCHEB;2011-11-08 15:56:02.000;ISU_UCHEB;2011-11-08 15:56:02.000
"1539";5676;ISU_UCHEB;2011-11-08 15:56:02.000;ISU_UCHEB;2011-11-08 15:56:02.000
"2538";5677;ISU_UCHEB;2011-11-08 15:56:02.000;ISU_UCHEB;2011-11-08 15:56:02.000
"2539";5677;ISU_UCHEB;2011-11-08 15:56:02.000;ISU_UCHEB;2011-11-08 15:56:02.000
"3538";5678;ISU_UCHEB;2011-11-08 15:56:02.000;ISU_UCHEB;2011-11-08 15:56:02.000
"3539";5678;ISU_UCHEB;2011-11-08 15:56:02.000;ISU_UCHEB;2011-11-08 15:56:02.000
"4538";5679;ISU_UCHEB;2011-11-08 15:56:02.000;ISU_UCHEB;2011-11-08 15:56:02.000
"4539";5679;ISU_UCHEB;2011-11-08 15:56:02.000;ISU_UCHEB;2011-11-08 15:56:02.000
"5539";5681;ISU_UCHEB;2011-11-08 15:56:02.000;ISU_UCHEB;2011-11-08 15:56:02.000
"5538";5683;ISU_UCHEB;2011-11-08 15:56:02.000;ISU_UCHEB;2011-11-08 15:56:02.000
"2508";5056;ISU_UCHEB;2011-11-08 15:56:02.000;ISU_UCHEB;2011-11-08 15:56:02.000
"6508";5331;ISU_UCHEB;2011-11-08 15:56:02.000;ISU_UCHEB;2011-11-08 15:56:02.000
"2121";5457;ISU_UCHEB;2011-11-08 15:56:02.000;ISU_UCHEB;2011-11-08 15:56:02.000
"3538";5256;ISU_UCHEB;2011-11-08 15:56:02.000;ISU_UCHEB;2011-11-08 15:56:02.000
"3539";5256;ISU_UCHEB;2011-11-08 15:56:02.000;ISU_UCHEB;2011-11-08 15:56:02.000
"4538";5257;ISU_UCHEB;2011-11-08 15:56:02.000;ISU_UCHEB;2011-11-08 15:56:02.000
"4539";5257;ISU_UCHEB;2011-11-08 15:56:02.000;ISU_UCHEB;2011-11-08 15:56:02.000
"4895";5264;ISU_UCHEB;2011-11-08 15:56:02.000;ISU_UCHEB;2011-11-08 15:56:02.000
"3104";5283;ISU_UCHEB;2011-11-08 15:56:02.000;ISU_UCHEB;2011-11-08 15:56:02.000
"3105";5283;ISU_UCHEB;2011-11-08 15:56:02.000;ISU_UCHEB;2011-11-08 15:56:02.000
"3100";5284;ISU_UCHEB;2011-11-08 15:56:02.000;ISU_UCHEB;2011-11-08 15:56:02.000
"3101";5284;ISU_UCHEB;2011-11-08 15:56:02.000;ISU_UCHEB;2011-11-08 15:56:02.000
"3102";5284;ISU_UCHEB;2011-11-08 15:56:02.000;ISU_UCHEB;2011-11-08 15:56:02.000
"3103";5284;ISU_UCHEB;2011-11-08 15:56:02.000;ISU_UCHEB;2011-11-08 15:56:02.000
"4104";5285;ISU_UCHEB;2011-11-08 15:56:02.000;ISU_UCHEB;2011-11-08 15:56:02.000
"4105";5285;ISU_UCHEB;2011-11-08 15:56:02.000;ISU_UCHEB;2011-11-08 15:56:02.000
"4106";5285;ISU_UCHEB;2011-11-08 15:56:02.000;ISU_UCHEB;2011-11-08 15:56:02.000
"4100";5286;ISU_UCHEB;2011-11-08 15:56:02.000;ISU_UCHEB;2011-11-08 15:56:02.000
"4101";5286;ISU_UCHEB;2011-11-08 15:56:02.000;ISU_UCHEB;2011-11-08 15:56:02.000
"4102";5286;ISU_UCHEB;2011-11-08 15:56:02.000;ISU_UCHEB;2011-11-08 15:56:02.000
"3120";5287;ISU_UCHEB;2011-11-08 15:56:02.000;ISU_UCHEB;2011-11-08 15:56:02.000
"3121";5287;ISU_UCHEB;2011-11-08 15:56:02.000;ISU_UCHEB;2011-11-08 15:56:02.000
"4120";5288;ISU_UCHEB;2011-11-08 15:56:02.000;ISU_UCHEB;2011-11-08 15:56:02.000
"4121";5288;ISU_UCHEB;2011-11-08 15:56:02.000;ISU_UCHEB;2011-11-08 15:56:02.000
"4125";5300;ISU_UCHEB;2011-11-08 15:56:02.000;ISU_UCHEB;2011-11-08 15:56:02.000
"5120";4817;ISU_UCHEB;2011-11-08 15:56:02.000;ISU_UCHEB;2011-11-08 15:56:02.000
"5125";4818;ISU_UCHEB;2011-11-08 15:56:02.000;ISU_UCHEB;2011-11-08 15:56:02.000
"5538";4860;ISU_UCHEB;2011-11-08 15:56:02.000;ISU_UCHEB;2011-11-08 15:56:02.000
"5539";5380;ISU_UCHEB;2011-11-08 15:56:02.000;ISU_UCHEB;2011-11-08 15:56:02.000
"6539";5381;ISU_UCHEB;2011-11-08 15:56:02.000;ISU_UCHEB;2011-11-08 15:56:02.000
"4100";5619;ISU_UCHEB;2011-11-08 15:56:02.000;ISU_UCHEB;2011-11-08 15:56:02.000
"6125";5451;ISU_UCHEB;2011-11-08 15:56:02.000;ISU_UCHEB;2011-11-08 15:56:02.000
"5113";5548;ISU_UCHEB;2011-11-08 15:56:02.000;ISU_UCHEB;2011-11-08 15:56:02.000
"5114";5549;ISU_UCHEB;2011-11-08 15:56:02.000;ISU_UCHEB;2011-11-08 15:56:02.000
"2508";5685;ISU_UCHEB;2011-11-08 15:56:02.000;ISU_UCHEB;2011-11-08 15:56:02.000
"5508";5687;ISU_UCHEB;2011-11-08 15:56:02.000;ISU_UCHEB;2011-11-08 15:56:02.000
"6508";5688;ISU_UCHEB;2011-11-08 15:56:02.000;ISU_UCHEB;2011-11-08 15:56:02.000
"4120";5857;ISU_UCHEB;2011-11-08 15:56:02.000;ISU_UCHEB;2011-11-08 15:56:02.000
"4125";5858;ISU_UCHEB;2011-11-08 15:56:02.000;ISU_UCHEB;2011-11-08 15:56:02.000
"5125";5861;ISU_UCHEB;2011-11-08 15:56:02.000;ISU_UCHEB;2011-11-08 15:56:02.000
"5120";5862;ISU_UCHEB;2011-11-08 15:56:02.000;ISU_UCHEB;2011-11-08 15:56:02.000
"5120";5863;ISU_UCHEB;2011-11-08 15:56:02.000;ISU_UCHEB;2011-11-08 15:56:02.000
"6125";5864;ISU_UCHEB;2011-11-08 15:56:02.000;ISU_UCHEB;2011-11-08 15:56:02.000
"6120";5865;ISU_UCHEB;2011-11-08 15:56:02.000;ISU_UCHEB;2011-11-08 15:56:02.000
"1103";6519;ISU_UCHEB;2011-11-08 15:56:02.000;ISU_UCHEB;2011-11-08 15:56:02.000
"1105";6519;ISU_UCHEB;2011-11-08 15:56:02.000;ISU_UCHEB;2011-11-08 15:56:02.000
"1106";6519;ISU_UCHEB;2011-11-08 15:56:02.000;ISU_UCHEB;2011-11-08 15:56:02.000
"2538";7358;ISU_UCHEB;2011-11-08 15:56:02.000;ISU_UCHEB;2011-11-08 15:56:02.000
"2539";7358;ISU_UCHEB;2011-11-08 15:56:02.000;ISU_UCHEB;2011-11-08 15:56:02.000
"3538";7359;ISU_UCHEB;2011-11-08 15:56:02.000;ISU_UCHEB;2011-11-08 15:56:02.000
"3539";7359;ISU_UCHEB;2011-11-08 15:56:02.000;ISU_UCHEB;2011-11-08 15:56:02.000
"4538";7360;ISU_UCHEB;2011-11-08 15:56:02.000;ISU_UCHEB;2011-11-08 15:56:02.000
"4539";7360;ISU_UCHEB;2011-11-08 15:56:02.000;ISU_UCHEB;2011-11-08 15:56:02.000
"6539";7361;ISU_UCHEB;2011-11-08 15:56:02.000;ISU_UCHEB;2011-11-08 15:56:02.000
"6538";7362;ISU_UCHEB;2011-11-08 15:56:02.000;ISU_UCHEB;2011-11-08 15:56:02.000
"6113";6199;ISU_UCHEB;2011-11-08 15:56:02.000;ISU_UCHEB;2011-11-08 15:56:02.000
"6114";6200;ISU_UCHEB;2011-11-08 15:56:02.000;ISU_UCHEB;2011-11-08 15:56:02.000
"1508";6190;ISU_UCHEB;2011-11-08 15:56:02.000;ISU_UCHEB;2011-11-08 15:56:02.000
"5508";7076;ISU_UCHEB;2011-11-08 15:56:02.000;ISU_UCHEB;2011-11-08 15:56:02.000
"6539";6085;ISU_UCHEB;2011-11-08 15:56:02.000;ISU_UCHEB;2011-11-08 15:56:02.000
"6538";6086;ISU_UCHEB;2011-11-08 15:56:02.000;ISU_UCHEB;2011-11-08 15:56:02.000
"5539";6087;ISU_UCHEB;2011-11-08 15:56:02.000;ISU_UCHEB;2011-11-08 15:56:02.000
"5538";6088;ISU_UCHEB;2011-11-08 15:56:02.000;ISU_UCHEB;2011-11-08 15:56:02.000
"5110";6166;ISU_UCHEB;2011-11-08 15:56:02.000;ISU_UCHEB;2011-11-08 15:56:02.000
"5111";6167;ISU_UCHEB;2011-11-08 15:56:02.000;ISU_UCHEB;2011-11-08 15:56:02.000
"5112";6168;ISU_UCHEB;2011-11-08 15:56:02.000;ISU_UCHEB;2011-11-08 15:56:02.000
"5113";6169;ISU_UCHEB;2011-11-08 15:56:02.000;ISU_UCHEB;2011-11-08 15:56:02.000
"5114";6170;ISU_UCHEB;2011-11-08 15:56:02.000;ISU_UCHEB;2011-11-08 15:56:02.000
"4101";7011;ISU_UCHEB;2011-11-08 15:56:02.000;ISU_UCHEB;2011-11-08 15:56:02.000
"4508";7098;ISU_UCHEB;2011-11-08 15:56:02.000;ISU_UCHEB;2011-11-08 15:56:02.000
"4106";6525;ISU_UCHEB;2011-11-08 15:56:02.000;ISU_UCHEB;2011-11-08 15:56:02.000
"5125";7168;ISU_UCHEB;2011-11-08 15:56:02.000;ISU_UCHEB;2011-11-08 15:56:02.000
"6111";6134;ISU_UCHEB;2011-11-08 15:56:02.000;ISU_UCHEB;2011-11-08 15:56:02.000
"6113";6135;ISU_UCHEB;2011-11-08 15:56:02.000;ISU_UCHEB;2011-11-08 15:56:02.000
"6113";6136;ISU_UCHEB;2011-11-08 15:56:02.000;ISU_UCHEB;2011-11-08 15:56:02.000
"6103";6152;ISU_UCHEB;2011-11-08 15:56:02.000;ISU_UCHEB;2011-11-08 15:56:02.000
"6102";6146;ISU_UCHEB;2011-11-08 15:56:02.000;ISU_UCHEB;2011-11-08 15:56:02.000
"5113";6147;ISU_UCHEB;2011-11-08 15:56:02.000;ISU_UCHEB;2011-11-08 15:56:02.000
"6114";6151;ISU_UCHEB;2011-11-08 15:56:02.000;ISU_UCHEB;2011-11-08 15:56:02.000
"5114";6150;ISU_UCHEB;2011-11-08 15:56:02.000;ISU_UCHEB;2011-11-08 15:56:02.000
"6101";6153;ISU_UCHEB;2011-11-08 15:56:02.000;ISU_UCHEB;2011-11-08 15:56:02.000
"6509";7082;ISU_UCHEB;2011-11-08 15:56:02.000;ISU_UCHEB;2011-11-08 15:56:02.000
"6509";7083;ISU_UCHEB;2011-11-08 15:56:02.000;ISU_UCHEB;2011-11-08 15:56:02.000
"3105";5607;ISU_UCHEB;2011-11-08 15:56:02.000;ISU_UCHEB;2011-11-08 15:56:02.000
"1538";6432;ISU_UCHEB;2011-11-08 15:56:02.000;ISU_UCHEB;2011-11-08 15:56:02.000
"1539";6432;ISU_UCHEB;2011-11-08 15:56:02.000;ISU_UCHEB;2011-11-08 15:56:02.000
"2538";6433;ISU_UCHEB;2011-11-08 15:56:02.000;ISU_UCHEB;2011-11-08 15:56:02.000
"2539";6433;ISU_UCHEB;2011-11-08 15:56:02.000;ISU_UCHEB;2011-11-08 15:56:02.000
"3538";6434;ISU_UCHEB;2011-11-08 15:56:02.000;ISU_UCHEB;2011-11-08 15:56:02.000
"3539";6434;ISU_UCHEB;2011-11-08 15:56:02.000;ISU_UCHEB;2011-11-08 15:56:02.000
"4538";6435;ISU_UCHEB;2011-11-08 15:56:02.000;ISU_UCHEB;2011-11-08 15:56:02.000
"4539";6435;ISU_UCHEB;2011-11-08 15:56:02.000;ISU_UCHEB;2011-11-08 15:56:02.000
"5539";6436;ISU_UCHEB;2011-11-08 15:56:02.000;ISU_UCHEB;2011-11-08 15:56:02.000
"5538";6437;ISU_UCHEB;2011-11-08 15:56:02.000;ISU_UCHEB;2011-11-08 15:56:02.000
"2508";6438;ISU_UCHEB;2011-11-08 15:56:02.000;ISU_UCHEB;2011-11-08 15:56:02.000
"6110";6451;ISU_UCHEB;2011-11-08 15:56:02.000;ISU_UCHEB;2011-11-08 15:56:02.000
"6111";7179;ISU_UCHEB;2011-11-08 15:56:02.000;ISU_UCHEB;2011-11-08 15:56:02.000
"6539";6888;ISU_UCHEB;2011-11-08 15:56:02.000;ISU_UCHEB;2011-11-08 15:56:02.000
"6538";6889;ISU_UCHEB;2011-11-08 15:56:02.000;ISU_UCHEB;2011-11-08 15:56:02.000
"5539";6890;ISU_UCHEB;2011-11-08 15:56:02.000;ISU_UCHEB;2011-11-08 15:56:02.000
"5538";6891;ISU_UCHEB;2011-11-08 15:56:02.000;ISU_UCHEB;2011-11-08 15:56:02.000
"3508";6895;ISU_UCHEB;2011-11-08 15:56:02.000;ISU_UCHEB;2011-11-08 15:56:02.000
"4508";6091;ISU_UCHEB;2011-11-08 15:56:02.000;ISU_UCHEB;2011-11-08 15:56:02.000
"5125";6163;ISU_UCHEB;2011-11-08 15:56:02.000;ISU_UCHEB;2011-11-08 15:56:02.000
"6125";6164;ISU_UCHEB;2011-11-08 15:56:02.000;ISU_UCHEB;2011-11-08 15:56:02.000
"5509";6175;ISU_UCHEB;2011-11-08 15:56:02.000;ISU_UCHEB;2011-11-08 15:56:02.000
"5509";6953;ISU_UCHEB;2011-11-08 15:56:02.000;ISU_UCHEB;2011-11-08 15:56:02.000
"5509";6965;ISU_UCHEB;2011-11-08 15:56:02.000;ISU_UCHEB;2011-11-08 15:56:02.000
"1508";6974;ISU_UCHEB;2011-11-08 15:56:02.000;ISU_UCHEB;2011-11-08 15:56:02.000
"6111";6975;ISU_UCHEB;2011-11-08 15:56:02.000;ISU_UCHEB;2011-11-08 15:56:02.000
"6113";6976;ISU_UCHEB;2011-11-08 15:56:02.000;ISU_UCHEB;2011-11-08 15:56:02.000
"6103";6977;ISU_UCHEB;2011-11-08 15:56:02.000;ISU_UCHEB;2011-11-08 15:56:02.000
"5113";6979;ISU_UCHEB;2011-11-08 15:56:02.000;ISU_UCHEB;2011-11-08 15:56:02.000
"6114";6980;ISU_UCHEB;2011-11-08 15:56:02.000;ISU_UCHEB;2011-11-08 15:56:02.000
"5114";6981;ISU_UCHEB;2011-11-08 15:56:02.000;ISU_UCHEB;2011-11-08 15:56:02.000
"6101";6982;ISU_UCHEB;2011-11-08 15:56:02.000;ISU_UCHEB;2011-11-08 15:56:02.000
"2105";6521;ISU_UCHEB;2011-11-08 15:56:02.000;ISU_UCHEB;2011-11-08 15:56:02.000
"2125";6894;ISU_UCHEB;2011-11-08 15:56:02.000;ISU_UCHEB;2011-11-08 15:56:02.000
"5100";6383;ISU_UCHEB;2011-11-08 15:56:02.000;ISU_UCHEB;2011-11-08 15:56:02.000
"3100";7009;ISU_UCHEB;2011-11-08 15:56:02.000;ISU_UCHEB;2011-11-08 15:56:02.000
"3101";7009;ISU_UCHEB;2011-11-08 15:56:02.000;ISU_UCHEB;2011-11-08 15:56:02.000
"2100";7010;ISU_UCHEB;2011-11-08 15:56:02.000;ISU_UCHEB;2011-11-08 15:56:02.000
"2101";7010;ISU_UCHEB;2011-11-08 15:56:02.000;ISU_UCHEB;2011-11-08 15:56:02.000
"4100";7011;ISU_UCHEB;2011-11-08 15:56:02.000;ISU_UCHEB;2011-11-08 15:56:02.000
"5110";7015;ISU_UCHEB;2011-11-08 15:56:02.000;ISU_UCHEB;2011-11-08 15:56:02.000
"3120";7012;ISU_UCHEB;2011-11-08 15:56:02.000;ISU_UCHEB;2011-11-08 15:56:02.000
"4125";7013;ISU_UCHEB;2011-11-08 15:56:02.000;ISU_UCHEB;2011-11-08 15:56:02.000
"4120";7014;ISU_UCHEB;2011-11-08 15:56:02.000;ISU_UCHEB;2011-11-08 15:56:02.000
"5111";7016;ISU_UCHEB;2011-11-08 15:56:02.000;ISU_UCHEB;2011-11-08 15:56:02.000
"5508";7071;ISU_UCHEB;2011-11-08 15:56:02.000;ISU_UCHEB;2011-11-08 15:56:02.000
"3120";6112;ISU_UCHEB;2011-11-08 15:56:02.000;ISU_UCHEB;2011-11-08 15:56:02.000
"3121";6113;ISU_UCHEB;2011-11-08 15:56:02.000;ISU_UCHEB;2011-11-08 15:56:02.000
"2121";6114;ISU_UCHEB;2011-11-08 15:56:02.000;ISU_UCHEB;2011-11-08 15:56:02.000
"3508";6182;ISU_UCHEB;2011-11-08 15:56:02.000;ISU_UCHEB;2011-11-08 15:56:02.000
"1100";6520;ISU_UCHEB;2011-11-08 15:56:02.000;ISU_UCHEB;2011-11-08 15:56:02.000
"1101";6520;ISU_UCHEB;2011-11-08 15:56:02.000;ISU_UCHEB;2011-11-08 15:56:02.000
"2103";6521;ISU_UCHEB;2011-11-08 15:56:02.000;ISU_UCHEB;2011-11-08 15:56:02.000
"2106";6521;ISU_UCHEB;2011-11-08 15:56:02.000;ISU_UCHEB;2011-11-08 15:56:02.000
"3104";6523;ISU_UCHEB;2011-11-08 15:56:02.000;ISU_UCHEB;2011-11-08 15:56:02.000
"3105";6523;ISU_UCHEB;2011-11-08 15:56:02.000;ISU_UCHEB;2011-11-08 15:56:02.000
"4103";6525;ISU_UCHEB;2011-11-08 15:56:02.000;ISU_UCHEB;2011-11-08 15:56:02.000
"4104";6525;ISU_UCHEB;2011-11-08 15:56:02.000;ISU_UCHEB;2011-11-08 15:56:02.000
"4105";6525;ISU_UCHEB;2011-11-08 15:56:02.000;ISU_UCHEB;2011-11-08 15:56:02.000
"6114";6526;ISU_UCHEB;2011-11-08 15:56:02.000;ISU_UCHEB;2011-11-08 15:56:02.000
"3106";6523;ISU_UCHEB;2011-11-08 15:56:02.000;ISU_UCHEB;2011-11-08 15:56:02.000
"6125";6595;ISU_UCHEB;2011-11-08 15:56:02.000;ISU_UCHEB;2011-11-08 15:56:02.000
"5509";6377;ISU_UCHEB;2011-11-08 15:56:02.000;ISU_UCHEB;2011-11-08 15:56:02.000
"5125";6606;ISU_UCHEB;2011-11-08 15:56:02.000;ISU_UCHEB;2011-11-08 15:56:02.000
"5125";6624;ISU_UCHEB;2011-11-08 15:56:02.000;ISU_UCHEB;2011-11-08 15:56:02.000
"6508";7175;ISU_UCHEB;2011-11-08 15:56:02.000;ISU_UCHEB;2011-11-08 15:56:02.000
"6125";6627;ISU_UCHEB;2011-11-08 15:56:02.000;ISU_UCHEB;2011-11-08 15:56:02.000
"6120";6628;ISU_UCHEB;2011-11-08 15:56:02.000;ISU_UCHEB;2011-11-08 15:56:02.000
"3125";6893;ISU_UCHEB;2011-11-08 15:56:02.000;ISU_UCHEB;2011-11-08 15:56:02.000
"5113";6721;ISU_UCHEB;2011-11-08 15:56:02.000;ISU_UCHEB;2011-11-08 15:56:02.000
"5114";6722;ISU_UCHEB;2011-11-08 15:56:02.000;ISU_UCHEB;2011-11-08 15:56:02.000
"4121";5857;ISU_UCHEB;2011-11-08 15:56:02.000;ISU_UCHEB;2011-11-08 15:56:02.000
"6100";7443;ISU_UCHEB;2011-11-08 15:56:02.000;ISU_UCHEB;2011-11-08 15:56:02.000
"6100";7452;ISU_UCHEB;2011-11-08 15:56:02.000;ISU_UCHEB;2011-11-08 15:56:02.000
"6125";7454;ISU_UCHEB;2011-11-08 15:56:02.000;ISU_UCHEB;2011-11-08 15:56:02.000
"6125";7455;ISU_UCHEB;2011-11-08 15:56:02.000;ISU_UCHEB;2011-11-08 15:56:02.000
"6110";7458;ISU_UCHEB;2011-11-08 15:56:02.000;ISU_UCHEB;2011-11-08 15:56:02.000
"6110";7470;ISU_UCHEB;2011-11-08 15:56:02.000;ISU_UCHEB;2011-11-08 15:56:02.000
"6111";7473;ISU_UCHEB;2011-11-08 15:56:02.000;ISU_UCHEB;2011-11-08 15:56:02.000
"6111";7474;ISU_UCHEB;2011-11-08 15:56:02.000;ISU_UCHEB;2011-11-08 15:56:02.000
"6113";7475;ISU_UCHEB;2011-11-08 15:56:02.000;ISU_UCHEB;2011-11-08 15:56:02.000
"6113";7477;ISU_UCHEB;2011-11-08 15:56:02.000;ISU_UCHEB;2011-11-08 15:56:02.000
"6114";7478;ISU_UCHEB;2011-11-08 15:56:02.000;ISU_UCHEB;2011-11-08 15:56:02.000
"6114";7479;ISU_UCHEB;2011-11-08 15:56:02.000;ISU_UCHEB;2011-11-08 15:56:02.000
"1105";7480;ISU_UCHEB;2011-11-08 15:56:02.000;ISU_UCHEB;2011-11-08 15:56:02.000
"1106";7480;ISU_UCHEB;2011-11-08 15:56:02.000;ISU_UCHEB;2011-11-08 15:56:02.000
"1100";7485;ISU_UCHEB;2011-11-08 15:56:02.000;ISU_UCHEB;2011-11-08 15:56:02.000
"1101";7485;ISU_UCHEB;2011-11-08 15:56:02.000;ISU_UCHEB;2011-11-08 15:56:02.000
"1125";7486;ISU_UCHEB;2011-11-08 15:56:02.000;ISU_UCHEB;2011-11-08 15:56:02.000
"1120";7487;ISU_UCHEB;2011-11-08 15:56:02.000;ISU_UCHEB;2011-11-08 15:56:02.000
"5100";7489;ISU_UCHEB;2011-11-08 15:56:02.000;ISU_UCHEB;2011-11-08 15:56:02.000
"6107";7821;ISU_UCHEB;2011-11-08 15:56:02.000;ISU_UCHEB;2011-11-08 15:56:02.000
"5107";7822;ISU_UCHEB;2011-11-08 15:56:02.000;ISU_UCHEB;2011-11-08 15:56:02.000
"5125";7559;ISU_UCHEB;2011-11-08 15:56:02.000;ISU_UCHEB;2011-11-08 15:56:02.000
"5110";7561;ISU_UCHEB;2011-11-08 15:56:02.000;ISU_UCHEB;2011-11-08 15:56:02.000
"5115";7563;ISU_UCHEB;2011-11-08 15:56:02.000;ISU_UCHEB;2011-11-08 15:56:02.000
"5112";7566;ISU_UCHEB;2011-11-08 15:56:02.000;ISU_UCHEB;2011-11-08 15:56:02.000
"5111";7568;ISU_UCHEB;2011-11-08 15:56:02.000;ISU_UCHEB;2011-11-08 15:56:02.000
"5113";7569;ISU_UCHEB;2011-11-08 15:56:02.000;ISU_UCHEB;2011-11-08 15:56:02.000
"6109";7599;ISU_UCHEB;2011-11-08 15:56:02.000;ISU_UCHEB;2011-11-08 15:56:02.000
"2108";7600;ISU_UCHEB;2011-11-08 15:56:02.000;ISU_UCHEB;2011-11-08 15:56:02.000
"3108";7601;ISU_UCHEB;2011-11-08 15:56:02.000;ISU_UCHEB;2011-11-08 15:56:02.000
"4108";7602;ISU_UCHEB;2011-11-08 15:56:02.000;ISU_UCHEB;2011-11-08 15:56:02.000
"5109";7604;ISU_UCHEB;2011-11-08 15:56:02.000;ISU_UCHEB;2011-11-08 15:56:02.000
"5109";7806;ISU_UCHEB;2011-11-08 15:56:02.000;ISU_UCHEB;2011-11-08 15:56:02.000
"1108";7558;ISU_UCHEB;2011-11-08 15:56:02.000;ISU_UCHEB;2011-11-08 15:56:02.000
"1537";7583;ISU_UCHEB;2011-11-08 15:56:02.000;ISU_UCHEB;2011-11-08 15:56:02.000
"6108";7608;ISU_UCHEB;2011-11-08 15:56:02.000;ISU_UCHEB;2011-11-08 15:56:02.000
"5108";7607;ISU_UCHEB;2011-11-08 15:56:02.000;ISU_UCHEB;2011-11-08 15:56:02.000
"1121";7487;ISU_UCHEB;2011-11-08 15:56:02.000;ISU_UCHEB;2011-11-08 15:56:02.000
"5121";7705;ISU_UCHEB;2011-11-08 15:56:02.000;ISU_UCHEB;2011-11-08 15:56:02.000
"5538";7740;ISU_UCHEB;2011-11-08 15:56:02.000;ISU_UCHEB;2011-11-08 15:56:02.000
"5539";7740;ISU_UCHEB;2011-11-08 15:56:02.000;ISU_UCHEB;2011-11-08 15:56:02.000
"5120";7496;ISU_UCHEB;2011-11-08 15:56:02.000;ISU_UCHEB;2011-11-08 15:56:02.000
"5111";7503;ISU_UCHEB;2011-11-08 15:56:02.000;ISU_UCHEB;2011-11-08 15:56:02.000
"5113";7508;ISU_UCHEB;2011-11-08 15:56:02.000;ISU_UCHEB;2011-11-08 15:56:02.000
"5114";7509;ISU_UCHEB;2011-11-08 15:56:02.000;ISU_UCHEB;2011-11-08 15:56:02.000
"1538";7583;ISU_UCHEB;2011-11-08 15:56:02.000;ISU_UCHEB;2011-11-08 15:56:02.000
"1539";7583;ISU_UCHEB;2011-11-08 15:56:02.000;ISU_UCHEB;2011-11-08 15:56:02.000
"5114";7584;ISU_UCHEB;2011-11-08 15:56:02.000;ISU_UCHEB;2011-11-08 15:56:02.000
"5115";7585;ISU_UCHEB;2011-11-08 15:56:02.000;ISU_UCHEB;2011-11-08 15:56:02.000
"5112";7586;ISU_UCHEB;2011-11-08 15:56:02.000;ISU_UCHEB;2011-11-08 15:56:02.000
"5110";7587;ISU_UCHEB;2011-11-08 15:56:02.000;ISU_UCHEB;2011-11-08 15:56:02.000
"5125";7588;ISU_UCHEB;2011-11-08 15:56:02.000;ISU_UCHEB;2011-11-08 15:56:02.000
"5538";7825;ISU_UCHEB;2011-11-08 15:56:02.000;ISU_UCHEB;2011-11-08 15:56:02.000
"5539";7825;ISU_UCHEB;2011-11-08 15:56:02.000;ISU_UCHEB;2011-11-08 15:56:02.000
"2103";7430;ISU_UCHEB;2011-11-08 15:56:02.000;ISU_UCHEB;2011-11-08 15:56:02.000
"2105";7430;ISU_UCHEB;2011-11-08 15:56:02.000;ISU_UCHEB;2011-11-08 15:56:02.000
"2106";7430;ISU_UCHEB;2011-11-08 15:56:02.000;ISU_UCHEB;2011-11-08 15:56:02.000
"2100";7431;ISU_UCHEB;2011-11-08 15:56:02.000;ISU_UCHEB;2011-11-08 15:56:02.000
"3103";7434;ISU_UCHEB;2011-11-08 15:56:02.000;ISU_UCHEB;2011-11-08 15:56:02.000
"2125";7432;ISU_UCHEB;2011-11-08 15:56:02.000;ISU_UCHEB;2011-11-08 15:56:02.000
"2120";7433;ISU_UCHEB;2011-11-08 15:56:02.000;ISU_UCHEB;2011-11-08 15:56:02.000
"3104";7434;ISU_UCHEB;2011-11-08 15:56:02.000;ISU_UCHEB;2011-11-08 15:56:02.000
"3105";7434;ISU_UCHEB;2011-11-08 15:56:02.000;ISU_UCHEB;2011-11-08 15:56:02.000
"3106";7434;ISU_UCHEB;2011-11-08 15:56:02.000;ISU_UCHEB;2011-11-08 15:56:02.000
"3100";7435;ISU_UCHEB;2011-11-08 15:56:02.000;ISU_UCHEB;2011-11-08 15:56:02.000
"3101";7435;ISU_UCHEB;2011-11-08 15:56:02.000;ISU_UCHEB;2011-11-08 15:56:02.000
"3125";7436;ISU_UCHEB;2011-11-08 15:56:02.000;ISU_UCHEB;2011-11-08 15:56:02.000
"3120";7437;ISU_UCHEB;2011-11-08 15:56:02.000;ISU_UCHEB;2011-11-08 15:56:02.000
"4103";7438;ISU_UCHEB;2011-11-08 15:56:02.000;ISU_UCHEB;2011-11-08 15:56:02.000
"4104";7438;ISU_UCHEB;2011-11-08 15:56:02.000;ISU_UCHEB;2011-11-08 15:56:02.000
"4105";7438;ISU_UCHEB;2011-11-08 15:56:02.000;ISU_UCHEB;2011-11-08 15:56:02.000
"4106";7438;ISU_UCHEB;2011-11-08 15:56:02.000;ISU_UCHEB;2011-11-08 15:56:02.000
"4100";7439;ISU_UCHEB;2011-11-08 15:56:02.000;ISU_UCHEB;2011-11-08 15:56:02.000
"4101";7439;ISU_UCHEB;2011-11-08 15:56:02.000;ISU_UCHEB;2011-11-08 15:56:02.000
"4125";7440;ISU_UCHEB;2011-11-08 15:56:02.000;ISU_UCHEB;2011-11-08 15:56:02.000
"4120";7441;ISU_UCHEB;2011-11-08 15:56:02.000;ISU_UCHEB;2011-11-08 15:56:02.000
