"ИД";"ТПЛ_ИД";"УЧЕБНЫЙ_ГОД";"ОТД_ИД";"ОТД_ИД_ЗАКРЕПЛЕН_ЗА";"НАПС_ИД";"КУРС";"ФО_ИД";"СРОК_ОБУЧЕНИЯ";"ДАТА_УТВЕРЖДЕНИЯ";"ПЛАН_ПРИЕМА_ПРОЧИЙ";"ПЛАН_ИД";"ПЛАН_ИД_ОСНОВ_НА";"ПЛАН_ПРИЕМА_БЮДЖЕТ";"ПРОХОДНОЙ_БАЛЛ";"ПОЛУПРОХОДНОЙ_БАЛЛ";"СПЕЦИАЛЬНЫЙ_ПРОХОДНОЙ_БАЛЛ";"КТО_СОЗДАЛ";"КОГДА_СОЗДАЛ";"КТО_ИЗМЕНИЛ";"КОГДА_ИЗМЕНИЛ";"ПРИМЕЧАНИЕ";"НОМЕР"
6975;3;"2010/2011";703;102;3258;6;1;;2010-03-01 00:00:00.000;;5621;;;;;;ISU_UCHEB;2011-11-08 15:55:54.000;ISU_UCHEB;2011-11-08 15:55:54.000;;1
6976;3;"2010/2011";703;102;3499;6;1;;2010-03-01 00:00:00.000;;6147;;;;;;ISU_UCHEB;2011-11-08 15:55:54.000;ISU_UCHEB;2011-11-08 15:55:54.000;;1
6977;3;"2010/2011";703;102;3251;6;1;;2010-03-01 00:00:00.000;;5610;;;;;;ISU_UCHEB;2011-11-08 15:55:54.000;ISU_UCHEB;2011-11-08 15:55:54.000;;1
6979;3;"2010/2011";703;102;3499;5;1;;2010-03-01 00:00:00.000;;;;8;;;;ISU_UCHEB;2011-11-08 15:55:54.000;ISU_UCHEB;2011-11-08 15:55:54.000;План магистров первого года обучения;1
6980;3;"2010/2011";703;102;3500;6;1;;2010-03-01 00:00:00.000;;6150;;;;;;ISU_UCHEB;2011-11-08 15:55:54.000;ISU_UCHEB;2011-11-08 15:55:54.000;;1
6981;3;"2010/2011";703;102;3500;5;1;;2010-03-01 00:00:00.000;;;;7;;;;ISU_UCHEB;2011-11-08 15:55:54.000;ISU_UCHEB;2011-11-08 15:55:54.000;План магистров первого года обучения;1
6982;3;"2010/2011";703;102;3250;6;1;;2010-03-01 00:00:00.000;;5612;;;;;;ISU_UCHEB;2011-11-08 15:55:54.000;ISU_UCHEB;2011-11-08 15:55:54.000;;1
6134;3;"2009/2010";703;102;3258;6;1;;2009-03-01 00:00:00.000;;4698;;;;;;ISU_UCHEB;2011-11-08 15:55:54.000;ISU_UCHEB;2011-11-08 15:55:54.000;;1
6135;3;"2008/2009";703;102;3499;6;1;;2008-03-01 00:00:00.000;;;;;;;;ISU_UCHEB;2011-11-08 15:55:54.000;ISU_UCHEB;2011-11-08 15:55:54.000;;1
6136;3;"2009/2010";703;102;3499;6;1;;2009-03-01 00:00:00.000;;5548;;;;;;ISU_UCHEB;2011-11-08 15:55:54.000;ISU_UCHEB;2011-11-08 15:55:54.000;;1
6152;3;"2009/2010";703;102;3251;6;1;;2009-03-01 00:00:00.000;;4695;;;;;;ISU_UCHEB;2011-11-08 15:55:54.000;ISU_UCHEB;2011-11-08 15:55:54.000;;1
6146;3;"2009/2010";703;102;3249;6;1;;2009-03-01 00:00:00.000;;4694;;;;;;ISU_UCHEB;2011-11-08 15:55:54.000;ISU_UCHEB;2011-11-08 15:55:54.000;;1
6147;3;"2009/2010";703;102;3499;5;1;;2009-03-01 00:00:00.000;;;;;;;;ISU_UCHEB;2011-11-08 15:55:54.000;ISU_UCHEB;2011-11-08 15:55:54.000;План магистров первого года обучения;1
6151;3;"2009/2010";703;102;3500;6;1;;2009-03-01 00:00:00.000;;5549;;;;;;ISU_UCHEB;2011-11-08 15:55:54.000;ISU_UCHEB;2011-11-08 15:55:54.000;;1
6150;3;"2009/2010";703;102;3500;5;1;;2009-03-01 00:00:00.000;;;;;;;;ISU_UCHEB;2011-11-08 15:55:54.000;ISU_UCHEB;2011-11-08 15:55:54.000;План магистров первого года обучения;1
6153;3;"2009/2010";703;102;3250;6;1;;2009-03-01 00:00:00.000;;4693;;;;;;ISU_UCHEB;2011-11-08 15:55:54.000;ISU_UCHEB;2011-11-08 15:55:54.000;;1
7076;5;"2010/2011";703;118;3559;5;1;;2010-03-01 00:00:00.000;;;;10;;;;ISU_UCHEB;2011-11-08 15:55:54.000;ISU_UCHEB;2011-11-08 15:55:54.000;;1
2379;3;"2004/2005";703;102;700;6;1;;2004-03-01 00:00:00.000;;2148;;;;;;ISU_UCHEB;2011-11-08 15:55:54.000;ISU_UCHEB;2011-11-08 15:55:54.000;;1
2380;3;"2004/2005";703;111;700;6;1;;2004-03-01 00:00:00.000;;2158;;;;;;ISU_UCHEB;2011-11-08 15:55:54.000;ISU_UCHEB;2011-11-08 15:55:54.000;;1
6085;3;"2009/2010";717;212;3519;6;1;;2009-03-01 00:00:00.000;;5380;;;;;;ISU_UCHEB;2011-11-08 15:55:54.000;ISU_UCHEB;2011-11-08 15:55:54.000;;1
6086;3;"2009/2010";717;212;3520;6;1;;2009-03-01 00:00:00.000;;4860;;;;;;ISU_UCHEB;2011-11-08 15:55:54.000;ISU_UCHEB;2011-11-08 15:55:54.000;;1
6087;5;"2009/2010";717;212;3519;5;1;;2009-03-01 00:00:00.000;;;;;;;;ISU_UCHEB;2011-11-08 15:55:54.000;ISU_UCHEB;2011-11-08 15:55:54.000;План магистров первого года обучения;1
6088;5;"2009/2010";717;212;3520;5;1;;2009-03-01 00:00:00.000;;;;;;;;ISU_UCHEB;2011-11-08 15:55:54.000;ISU_UCHEB;2011-11-08 15:55:54.000;План магистров первого года обучения;1
6112;3;"2009/2010";703;111;2792;3;1;;2009-03-01 00:00:00.000;;5378;;;;;;ISU_UCHEB;2011-11-08 15:55:54.000;ISU_UCHEB;2011-11-08 15:55:54.000;;1
6113;3;"2009/2010";703;111;2904;3;1;;2009-03-01 00:00:00.000;;5457;;;;;;ISU_UCHEB;2011-11-08 15:55:54.000;ISU_UCHEB;2011-11-08 15:55:54.000;;1
6114;3;"2009/2010";703;111;2904;2;1;;2009-03-01 00:00:00.000;;5377;;;;;;ISU_UCHEB;2011-11-08 15:55:54.000;ISU_UCHEB;2011-11-08 15:55:54.000;;1
6182;3;"2009/2010";703;118;3243;3;1;;2009-03-01 00:00:00.000;;5056;;;;;;ISU_UCHEB;2011-11-08 15:55:54.000;ISU_UCHEB;2011-11-08 15:55:54.000;;1
6200;3;"2009/2010";703;102;3500;6;1;;2009-03-01 00:00:00.000;;;;;;;;ISU_UCHEB;2011-11-08 15:55:54.000;ISU_UCHEB;2011-11-08 15:55:54.000;;2
6888;3;"2010/2011";717;212;3519;6;1;;2010-03-01 00:00:00.000;;5681;;;;;;ISU_UCHEB;2011-11-08 15:55:54.000;ISU_UCHEB;2011-11-08 15:55:54.000;;1
6889;3;"2010/2011";717;212;3520;6;1;;2010-03-01 00:00:00.000;;5683;;;;;;ISU_UCHEB;2011-11-08 15:55:54.000;ISU_UCHEB;2011-11-08 15:55:54.000;;1
7825;5;"2011/2012";717;212;3598;5;1;"2";2011-03-01 00:00:00.000;;;;10;;;;ISU_UCHEB;2011-11-08 15:55:54.000;ISU_UCHEB;2011-11-08 15:55:54.000;План магистров первого года обучения;1
6890;5;"2010/2011";717;212;3519;5;1;;2010-03-01 00:00:00.000;;;;9;;;;ISU_UCHEB;2011-11-08 15:55:54.000;ISU_UCHEB;2011-11-08 15:55:54.000;План магистров первого года обучения;1
6891;5;"2010/2011";717;212;3520;5;1;;2010-03-01 00:00:00.000;;;;8;;;;ISU_UCHEB;2011-11-08 15:55:54.000;ISU_UCHEB;2011-11-08 15:55:54.000;План магистров первого года обучения;1
6893;3;"2010/2011";703;111;2904;3;1;;2010-03-01 00:00:00.000;;6114;;;;;;ISU_UCHEB;2011-11-08 15:55:54.000;ISU_UCHEB;2011-11-08 15:55:54.000;;1
6894;3;"2010/2011";703;111;2904;2;1;;2010-03-01 00:00:00.000;;5613;;;;;;ISU_UCHEB;2011-11-08 15:55:54.000;ISU_UCHEB;2011-11-08 15:55:54.000;;1
6895;3;"2010/2011";703;118;3243;3;1;;2010-03-01 00:00:00.000;;5685;;;;;;ISU_UCHEB;2011-11-08 15:55:54.000;ISU_UCHEB;2011-11-08 15:55:54.000;;1
6595;5;"2010/2011";703;111;3492;6;1;;2010-03-01 00:00:00.000;;;;;;;;ISU_UCHEB;2011-11-08 15:55:54.000;ISU_UCHEB;2011-11-08 15:55:54.000;;1
7071;3;"2010/2011";703;118;3559;5;1;;2010-03-01 00:00:00.000;;;;7;;;;ISU_UCHEB;2011-11-08 15:55:54.000;ISU_UCHEB;2011-11-08 15:55:54.000;;1
7009;3;"2010/2011";703;102;2700;3;1;;2010-03-01 00:00:00.000;;5606;;;;;;ISU_UCHEB;2011-11-08 15:55:54.000;ISU_UCHEB;2011-11-08 15:55:54.000;;1
7010;3;"2010/2011";703;102;2700;2;1;;2010-03-01 00:00:00.000;;5604;;;;;;ISU_UCHEB;2011-11-08 15:55:54.000;ISU_UCHEB;2011-11-08 15:55:54.000;;1
7011;3;"2010/2011";703;102;2700;4;1;;2010-03-01 00:00:00.000;;5608;;;;;;ISU_UCHEB;2011-11-08 15:55:54.000;ISU_UCHEB;2011-11-08 15:55:54.000;;1
7558;3;"2011/2012";703;118;3619;1;1;;2011-03-01 00:00:00.000;6;;;25;;;;ISU_UCHEB;2011-11-08 15:55:54.000;ISU_UCHEB;2011-11-08 15:55:54.000;План обучения студентов первого курса;1
6190;3;"2009/2010";703;118;3243;1;1;;2009-03-01 00:00:00.000;5;;;20;;;;ISU_UCHEB;2011-11-08 15:55:54.000;ISU_UCHEB;2011-11-08 15:55:54.000;План обучения студентов первого курса;1
6953;3;"2010/2011";703;118;3528;5;1;;2010-03-01 00:00:00.000;;;;2;;;;ISU_UCHEB;2011-11-08 15:55:54.000;ISU_UCHEB;2011-11-08 15:55:54.000;План магистров первого года обучения;5509
6965;5;"2010/2011";703;118;3528;5;1;;2010-03-01 00:00:00.000;;;;3;;;;ISU_UCHEB;2011-11-08 15:55:54.000;ISU_UCHEB;2011-11-08 15:55:54.000;;5509
6974;3;"2010/2011";703;118;3243;1;1;;2010-03-01 00:00:00.000;8;;;20;;;;ISU_UCHEB;2011-11-08 15:55:54.000;ISU_UCHEB;2011-11-08 15:55:54.000;План обучения студентов первого курса;1
6606;5;"2010/2011";703;111;3492;5;1;;2010-03-01 00:00:00.000;;;;7;;;;ISU_UCHEB;2011-11-08 15:55:54.000;ISU_UCHEB;2011-11-08 15:55:54.000;План магистров первого года обучения;1
7806;5;"2011/2012";703;118;3615;5;1;"2";2011-03-01 00:00:00.000;;;;2;;;;ISU_UCHEB;2011-11-08 15:55:54.000;ISU_UCHEB;2011-11-08 15:55:54.000;План магистров первого года обучения;1
7358;3;"2011/2012";717;212;2767;2;1;;2011-03-01 00:00:00.000;;6432;;;;;;ISU_UCHEB;2011-11-08 15:55:54.000;ISU_UCHEB;2011-11-08 15:55:54.000;;1
7359;3;"2011/2012";717;212;2767;3;1;;2011-03-01 00:00:00.000;;6433;;;;;;ISU_UCHEB;2011-11-08 15:55:54.000;ISU_UCHEB;2011-11-08 15:55:54.000;;1
7360;3;"2011/2012";717;212;2767;4;1;;2011-03-01 00:00:00.000;;6434;;;;;;ISU_UCHEB;2011-11-08 15:55:54.000;ISU_UCHEB;2011-11-08 15:55:54.000;;1
7361;3;"2011/2012";717;212;3519;6;1;;2011-03-01 00:00:00.000;;6436;;;;;;ISU_UCHEB;2011-11-08 15:55:54.000;ISU_UCHEB;2011-11-08 15:55:54.000;;1
7362;3;"2011/2012";717;212;3520;6;1;;2011-03-01 00:00:00.000;;6437;;;;;;ISU_UCHEB;2011-11-08 15:55:54.000;ISU_UCHEB;2011-11-08 15:55:54.000;;1
7583;3;"2011/2012";717;212;3568;1;1;"4";2011-03-01 00:00:00.000;3;;;66;;;;ISU_UCHEB;2011-11-08 15:55:54.000;ISU_UCHEB;2011-11-08 15:55:54.000;План обучения студентов первого курса;1
6624;3;"2010/2011";703;111;3492;5;1;;2010-03-01 00:00:00.000;;;;8;;;;ISU_UCHEB;2011-11-08 15:55:54.000;ISU_UCHEB;2011-11-08 15:55:54.000;План магистров первого года обучения;1
6627;3;"2010/2011";703;111;3492;6;1;;2010-03-01 00:00:00.000;;5861;;;;;;ISU_UCHEB;2011-11-08 15:55:54.000;ISU_UCHEB;2011-11-08 15:55:54.000;;1
6628;3;"2010/2011";703;111;2792;6;1;;2010-03-01 00:00:00.000;;5862;;;;;;ISU_UCHEB;2011-11-08 15:55:54.000;ISU_UCHEB;2011-11-08 15:55:54.000;;1
7496;3;"2011/2012";703;111;2792;5;1;;2011-03-01 00:00:00.000;;7014;;;;;;ISU_UCHEB;2011-11-08 15:55:54.000;ISU_UCHEB;2011-11-08 15:55:54.000;;1
7503;3;"2011/2012";703;102;3624;5;1;;2011-03-01 00:00:00.000;1;;;8;;;;ISU_UCHEB;2011-11-08 15:55:54.000;ISU_UCHEB;2011-11-08 15:55:54.000;План магистров первого года обучения;1
7508;3;"2011/2012";703;102;3623;5;1;;2011-03-01 00:00:00.000;;;;3;;;;ISU_UCHEB;2011-11-08 15:55:54.000;ISU_UCHEB;2011-11-08 15:55:54.000;План магистров первого года обучения;1
7509;3;"2011/2012";703;102;3622;5;1;;2011-03-01 00:00:00.000;;;;2;;;;ISU_UCHEB;2011-11-08 15:55:54.000;ISU_UCHEB;2011-11-08 15:55:54.000;План магистров первого года обучения;1
7175;3;"2010/2011";703;118;3243;6;1;;2010-03-01 00:00:00.000;;5687;;;;;;ISU_UCHEB;2011-11-08 15:55:54.000;ISU_UCHEB;2011-11-08 15:55:54.000;;1
6164;5;"2009/2010";703;111;3492;6;1;;2009-03-01 00:00:00.000;;4818;;;;;;ISU_UCHEB;2011-11-08 15:55:54.000;ISU_UCHEB;2011-11-08 15:55:54.000;;1
6163;5;"2009/2010";703;111;3492;5;1;;2009-03-01 00:00:00.000;;;;;;;;ISU_UCHEB;2011-11-08 15:55:54.000;ISU_UCHEB;2011-11-08 15:55:54.000;План магистров первого года обучения;1
7016;3;"2010/2011";703;102;3258;5;1;;2010-03-01 00:00:00.000;;;;7;;;;ISU_UCHEB;2011-11-08 15:55:54.000;ISU_UCHEB;2011-11-08 15:55:54.000;;2
7705;5;"2011/2012";703;111;2792;5;1;;2011-03-01 00:00:00.000;;7014;;;;;;ISU_UCHEB;2011-11-08 15:55:54.000;ISU_UCHEB;2011-11-08 15:55:54.000;;1
7430;3;"2011/2012";703;102;2904;2;1;;2011-03-01 00:00:00.000;;6519;;;;;;ISU_UCHEB;2011-11-08 15:55:54.000;ISU_UCHEB;2011-11-08 15:55:54.000;;1
7431;3;"2011/2012";703;102;2700;2;1;;2011-03-01 00:00:00.000;;6520;;;;;;ISU_UCHEB;2011-11-08 15:55:54.000;ISU_UCHEB;2011-11-08 15:55:54.000;;1
7432;3;"2011/2012";703;111;2904;2;1;;2011-03-01 00:00:00.000;;6384;;;;;;ISU_UCHEB;2011-11-08 15:55:54.000;ISU_UCHEB;2011-11-08 15:55:54.000;;1
7433;3;"2011/2012";703;111;2700;2;1;;2011-03-01 00:00:00.000;;6385;;;;;;ISU_UCHEB;2011-11-08 15:55:54.000;ISU_UCHEB;2011-11-08 15:55:54.000;;1
7434;3;"2011/2012";703;102;2904;3;1;;2011-03-01 00:00:00.000;;6521;;;;;;ISU_UCHEB;2011-11-08 15:55:54.000;ISU_UCHEB;2011-11-08 15:55:54.000;;1
7435;3;"2011/2012";703;102;2700;3;1;;2011-03-01 00:00:00.000;;7010;;;;;;ISU_UCHEB;2011-11-08 15:55:54.000;ISU_UCHEB;2011-11-08 15:55:54.000;;1
7436;3;"2011/2012";703;111;2904;3;1;;2011-03-01 00:00:00.000;;6894;;;;;;ISU_UCHEB;2011-11-08 15:55:54.000;ISU_UCHEB;2011-11-08 15:55:54.000;;1
7437;3;"2011/2012";703;111;2792;3;1;;2011-03-01 00:00:00.000;;6386;;;;;;ISU_UCHEB;2011-11-08 15:55:54.000;ISU_UCHEB;2011-11-08 15:55:54.000;;1
7438;3;"2011/2012";703;102;2904;4;1;;2011-03-01 00:00:00.000;;6523;;;;;;ISU_UCHEB;2011-11-08 15:55:54.000;ISU_UCHEB;2011-11-08 15:55:54.000;;1
7439;3;"2011/2012";703;102;2700;4;1;;2011-03-01 00:00:00.000;;7009;;;;;;ISU_UCHEB;2011-11-08 15:55:54.000;ISU_UCHEB;2011-11-08 15:55:54.000;;1
7440;3;"2011/2012";703;111;2904;4;1;;2011-03-01 00:00:00.000;;6893;;;;;;ISU_UCHEB;2011-11-08 15:55:54.000;ISU_UCHEB;2011-11-08 15:55:54.000;;1
7441;3;"2011/2012";703;111;2792;4;1;;2011-03-01 00:00:00.000;;7012;;;;;;ISU_UCHEB;2011-11-08 15:55:54.000;ISU_UCHEB;2011-11-08 15:55:54.000;;1
7443;3;"2010/2011";703;102;2700;6;1;;2010-03-01 00:00:00.000;;;;;;;;ISU_UCHEB;2011-11-08 15:55:54.000;ISU_UCHEB;2011-11-08 15:55:54.000;;1
7452;3;"2011/2012";703;102;2700;6;1;;2011-03-01 00:00:00.000;;6383;;;;;;ISU_UCHEB;2011-11-08 15:55:54.000;ISU_UCHEB;2011-11-08 15:55:54.000;;1
7454;3;"2011/2012";703;111;3492;6;1;;2011-03-01 00:00:00.000;;6624;;;;;;ISU_UCHEB;2011-11-08 15:55:54.000;ISU_UCHEB;2011-11-08 15:55:54.000;;1
7455;5;"2011/2012";703;111;3492;6;1;;2011-03-01 00:00:00.000;;;;;;;;ISU_UCHEB;2011-11-08 15:55:54.000;ISU_UCHEB;2011-11-08 15:55:54.000;;1
7458;3;"2011/2012";703;102;3257;6;1;;2011-03-01 00:00:00.000;;6388;;;;;;ISU_UCHEB;2011-11-08 15:55:54.000;ISU_UCHEB;2011-11-08 15:55:54.000;;1
7470;3;"2011/2012";703;102;3257;6;1;;2011-03-01 00:00:00.000;;;;;;;;ISU_UCHEB;2011-11-08 15:55:54.000;ISU_UCHEB;2011-11-08 15:55:54.000;;2
7473;3;"2011/2012";703;102;3258;6;1;;2011-03-01 00:00:00.000;;6389;;;;;;ISU_UCHEB;2011-11-08 15:55:54.000;ISU_UCHEB;2011-11-08 15:55:54.000;;1
7474;3;"2011/2012";703;102;3258;6;1;;2011-03-01 00:00:00.000;;;;;;;;ISU_UCHEB;2011-11-08 15:55:54.000;ISU_UCHEB;2011-11-08 15:55:54.000;;2
7475;3;"2011/2012";703;102;3499;6;1;;2011-03-01 00:00:00.000;;6979;;;;;;ISU_UCHEB;2011-11-08 15:55:54.000;ISU_UCHEB;2011-11-08 15:55:54.000;;1
7477;3;"2011/2012";703;102;3499;6;1;;2011-03-01 00:00:00.000;;;;;;;;ISU_UCHEB;2011-11-08 15:55:54.000;ISU_UCHEB;2011-11-08 15:55:54.000;;2
7478;3;"2011/2012";703;102;3500;6;1;;2011-03-01 00:00:00.000;;6981;;;;;;ISU_UCHEB;2011-11-08 15:55:54.000;ISU_UCHEB;2011-11-08 15:55:54.000;;1
7479;3;"2011/2012";703;102;3500;6;1;;2011-03-01 00:00:00.000;;;;;;;;ISU_UCHEB;2011-11-08 15:55:54.000;ISU_UCHEB;2011-11-08 15:55:54.000;;2
7480;3;"2011/2012";703;102;3590;1;1;;2011-03-01 00:00:00.000;2;;;38;;;;ISU_UCHEB;2011-11-08 15:55:54.000;ISU_UCHEB;2011-11-08 15:55:54.000;План обучения студентов первого курса;1
7485;3;"2011/2012";703;102;3618;1;1;;2011-03-01 00:00:00.000;11;;;36;;;;ISU_UCHEB;2011-11-08 15:55:54.000;ISU_UCHEB;2011-11-08 15:55:54.000;План обучения студентов первого курса;1
7486;3;"2011/2012";703;111;3590;1;1;;2011-03-01 00:00:00.000;1;;;11;;;;ISU_UCHEB;2011-11-08 15:55:54.000;ISU_UCHEB;2011-11-08 15:55:54.000;План обучения студентов первого курса;1
7487;3;"2011/2012";703;111;3618;1;1;;2011-03-01 00:00:00.000;7;;;35;;;;ISU_UCHEB;2011-11-08 15:55:54.000;ISU_UCHEB;2011-11-08 15:55:54.000;План обучения студентов первого курса;1
7489;3;"2011/2012";703;102;2700;5;1;;2011-03-01 00:00:00.000;;7011;;;;;;ISU_UCHEB;2011-11-08 15:55:54.000;ISU_UCHEB;2011-11-08 15:55:54.000;;1
7821;3;"2011/2012";703;102;2700;6;1;;2011-03-01 00:00:00.000;;;;;;;;ISU_UCHEB;2011-11-08 15:55:54.000;ISU_UCHEB;2011-11-08 15:55:54.000;;2
7822;3;"2011/2012";703;102;2700;5;1;;2011-03-01 00:00:00.000;;;;;;;;ISU_UCHEB;2011-11-08 15:55:54.000;ISU_UCHEB;2011-11-08 15:55:54.000;;2
5681;3;"2009/2010";717;212;3519;5;1;;2009-03-01 00:00:00.000;;;;;;;;ISU_UCHEB;2011-11-08 15:55:54.000;ISU_UCHEB;2011-11-08 15:55:54.000;План магистров первого года обучения;1
7098;3;"2010/2011";703;118;3243;4;1;;2010-03-01 00:00:00.000;;6182;;;;;;ISU_UCHEB;2011-11-08 15:55:54.000;ISU_UCHEB;2011-11-08 15:55:54.000;;1
7599;3;"2011/2012";703;118;3528;6;1;;2011-03-01 00:00:00.000;;6953;;;;;;ISU_UCHEB;2011-11-08 15:55:54.000;ISU_UCHEB;2011-11-08 15:55:54.000;;1
7600;3;"2011/2012";703;118;3243;2;1;;2011-03-01 00:00:00.000;;6974;;;;;;ISU_UCHEB;2011-11-08 15:55:54.000;ISU_UCHEB;2011-11-08 15:55:54.000;;1
7601;3;"2011/2012";703;118;3243;3;1;;2011-03-01 00:00:00.000;;6438;;;;;;ISU_UCHEB;2011-11-08 15:55:54.000;ISU_UCHEB;2011-11-08 15:55:54.000;;1
7602;3;"2011/2012";703;118;3243;4;1;;2011-03-01 00:00:00.000;;6895;;;;;;ISU_UCHEB;2011-11-08 15:55:54.000;ISU_UCHEB;2011-11-08 15:55:54.000;;1
7604;3;"2011/2012";703;118;3615;5;1;"2";2011-03-01 00:00:00.000;;;;2;;;;ISU_UCHEB;2011-11-08 15:55:54.000;ISU_UCHEB;2011-11-08 15:55:54.000;План магистров первого года обучения;1
7082;3;"2010/2011";703;118;3528;6;1;;2010-03-01 00:00:00.000;;6175;;;;;;ISU_UCHEB;2011-11-08 15:55:54.000;ISU_UCHEB;2011-11-08 15:55:54.000;;1
7083;5;"2010/2011";703;118;3528;6;1;;2010-03-01 00:00:00.000;;;;;;;;ISU_UCHEB;2011-11-08 15:55:54.000;ISU_UCHEB;2011-11-08 15:55:54.000;;1
6721;3;"2010/2011";703;102;3499;5;1;;2010-03-01 00:00:00.000;;;;7;;;;ISU_UCHEB;2011-11-08 15:55:54.000;ISU_UCHEB;2011-11-08 15:55:54.000;План магистров первого года обучения;2
6722;3;"2010/2011";703;102;3500;5;1;;2010-03-01 00:00:00.000;;;;8;;;;ISU_UCHEB;2011-11-08 15:55:54.000;ISU_UCHEB;2011-11-08 15:55:54.000;План магистров первого года обучения;2
5857;3;"2009/2010";703;111;2792;4;1;;2009-03-01 00:00:00.000;;5287;;;;;;ISU_UCHEB;2011-11-08 15:55:54.000;ISU_UCHEB;2011-11-08 15:55:54.000;;1
5858;3;"2009/2010";703;111;2904;4;1;;2009-03-01 00:00:00.000;;5287;;;;;;ISU_UCHEB;2011-11-08 15:55:54.000;ISU_UCHEB;2011-11-08 15:55:54.000;;1
5861;3;"2009/2010";703;111;3492;5;1;;2009-03-01 00:00:00.000;;;;;;;;ISU_UCHEB;2011-11-08 15:55:54.000;ISU_UCHEB;2011-11-08 15:55:54.000;План магистров первого года обучения;1
5862;3;"2009/2010";703;111;2792;5;1;;2009-03-01 00:00:00.000;;5288;;;;;;ISU_UCHEB;2011-11-08 15:55:54.000;ISU_UCHEB;2011-11-08 15:55:54.000;;1
5863;5;"2009/2010";703;111;2792;5;1;;2009-03-01 00:00:00.000;;5288;;;;;;ISU_UCHEB;2011-11-08 15:55:54.000;ISU_UCHEB;2011-11-08 15:55:54.000;;1
5864;3;"2009/2010";703;111;3492;6;1;;2009-03-01 00:00:00.000;;;;;;;;ISU_UCHEB;2011-11-08 15:55:54.000;ISU_UCHEB;2011-11-08 15:55:54.000;;1
5865;3;"2009/2010";703;111;2792;6;1;;2009-03-01 00:00:00.000;;4872;;;;;;ISU_UCHEB;2011-11-08 15:55:54.000;ISU_UCHEB;2011-11-08 15:55:54.000;;1
6386;3;"2010/2011";703;111;2700;2;1;;2010-03-01 00:00:00.000;;5614;;;;;;ISU_UCHEB;2011-11-08 15:55:54.000;ISU_UCHEB;2011-11-08 15:55:54.000;;1
5283;3;"2008/2009";703;102;2904;3;1;;2008-03-01 00:00:00.000;16;4499;;;;;;ISU_UCHEB;2011-11-08 15:55:54.000;ISU_UCHEB;2011-11-08 15:55:54.000;;1
5284;3;"2008/2009";703;102;2700;3;1;;2008-03-01 00:00:00.000;;4497;;;;;;ISU_UCHEB;2011-11-08 15:55:54.000;ISU_UCHEB;2011-11-08 15:55:54.000;;1
5285;3;"2008/2009";703;102;2904;4;1;;2008-03-01 00:00:00.000;;4501;;;;;;ISU_UCHEB;2011-11-08 15:55:54.000;ISU_UCHEB;2011-11-08 15:55:54.000;;1
5286;3;"2008/2009";703;102;2700;4;1;;2008-03-01 00:00:00.000;;4501;;;;;;ISU_UCHEB;2011-11-08 15:55:54.000;ISU_UCHEB;2011-11-08 15:55:54.000;;1
997;3;"2001/2002";703;111;187;3;1;;2001-05-24 00:00:00.000;;602;;;;;;ISU_UCHEB;2011-11-08 15:55:54.000;ISU_UCHEB;2011-11-08 15:55:54.000;;1
998;3;"2001/2002";703;111;792;2;1;;2001-05-24 00:00:00.000;;692;;;;;;ISU_UCHEB;2011-11-08 15:55:54.000;ISU_UCHEB;2011-11-08 15:55:54.000;;1
88;3;"1997/1998";703;111;187;3;1;;1997-05-24 00:00:00.000;;84;;;;;;ISU_UCHEB;2011-11-08 15:55:54.000;ISU_UCHEB;2011-11-08 15:55:54.000;;1
89;3;"1998/1999";703;111;187;3;1;;1998-05-24 00:00:00.000;;85;;;;;;ISU_UCHEB;2011-11-08 15:55:54.000;ISU_UCHEB;2011-11-08 15:55:54.000;;1
90;3;"1996/1997";703;111;187;4;1;;1996-05-24 00:00:00.000;;;;;;;;ISU_UCHEB;2011-11-08 15:55:54.000;ISU_UCHEB;2011-11-08 15:55:54.000;Первый существующий в цепочке план;1
91;3;"1997/1998";703;111;187;4;1;;1997-05-24 00:00:00.000;;87;;;;;;ISU_UCHEB;2011-11-08 15:55:54.000;ISU_UCHEB;2011-11-08 15:55:54.000;;1
92;3;"1998/1999";703;111;187;4;1;;1998-05-24 00:00:00.000;;88;;;;;;ISU_UCHEB;2011-11-08 15:55:54.000;ISU_UCHEB;2011-11-08 15:55:54.000;;1
93;3;"1997/1998";703;111;187;5;1;;1997-05-24 00:00:00.000;;90;;;;;;ISU_UCHEB;2011-11-08 15:55:54.000;ISU_UCHEB;2011-11-08 15:55:54.000;;1
94;3;"1998/1999";703;111;187;5;1;;1998-05-24 00:00:00.000;;91;;;;;;ISU_UCHEB;2011-11-08 15:55:54.000;ISU_UCHEB;2011-11-08 15:55:54.000;;1
95;3;"1998/1999";703;111;187;6;1;;1998-05-24 00:00:00.000;;93;;;;;;ISU_UCHEB;2011-11-08 15:55:54.000;ISU_UCHEB;2011-11-08 15:55:54.000;;1
1097;3;"2001/2002";712;102;113;4;2;;2001-05-24 00:00:00.000;;772;;;;;;ISU_UCHEB;2011-11-08 15:55:54.000;ISU_UCHEB;2011-11-08 15:55:54.000;;1
1685;3;"2003/2004";703;111;187;6;1;;2003-03-01 00:00:00.000;;1460;;;;;;ISU_UCHEB;2011-11-08 15:55:54.000;ISU_UCHEB;2011-11-08 15:55:54.000;;1
1695;3;"2003/2004";703;102;125;6;1;;2003-03-01 00:00:00.000;;1432;;;;;;ISU_UCHEB;2011-11-08 15:55:54.000;ISU_UCHEB;2011-11-08 15:55:54.000;;1
1696;3;"2003/2004";703;102;134;6;1;;2003-03-01 00:00:00.000;;1433;;;;;;ISU_UCHEB;2011-11-08 15:55:54.000;ISU_UCHEB;2011-11-08 15:55:54.000;;1
1697;3;"2003/2004";703;102;1047;6;1;;2003-03-01 00:00:00.000;;1447;;;;;;ISU_UCHEB;2011-11-08 15:55:54.000;ISU_UCHEB;2011-11-08 15:55:54.000;;1
1714;3;"2003/2004";717;212;767;2;1;;2003-03-01 00:00:00.000;;1381;;;;;;ISU_UCHEB;2011-11-08 15:55:54.000;ISU_UCHEB;2011-11-08 15:55:54.000;;1
1722;3;"2003/2004";703;102;700;4;1;;2003-03-01 00:00:00.000;;1436;;;;;;ISU_UCHEB;2011-11-08 15:55:54.000;ISU_UCHEB;2011-11-08 15:55:54.000;;1
1723;3;"2003/2004";703;102;700;3;1;;2003-03-01 00:00:00.000;;1435;;;;;;ISU_UCHEB;2011-11-08 15:55:54.000;ISU_UCHEB;2011-11-08 15:55:54.000;;1
1724;3;"2003/2004";703;111;792;3;1;;2003-03-01 00:00:00.000;;1498;;;;;;ISU_UCHEB;2011-11-08 15:55:54.000;ISU_UCHEB;2011-11-08 15:55:54.000;;1
1726;3;"2003/2004";703;102;700;2;1;;2003-03-01 00:00:00.000;;1427;;;;;;ISU_UCHEB;2011-11-08 15:55:54.000;ISU_UCHEB;2011-11-08 15:55:54.000;;1
1727;3;"2003/2004";703;111;792;2;1;;2003-03-01 00:00:00.000;;1453;;;;;;ISU_UCHEB;2011-11-08 15:55:54.000;ISU_UCHEB;2011-11-08 15:55:54.000;;1
1731;3;"2003/2004";703;102;143;6;1;;2003-03-01 00:00:00.000;;1454;;;;;;ISU_UCHEB;2011-11-08 15:55:54.000;ISU_UCHEB;2011-11-08 15:55:54.000;;1
1732;3;"2003/2004";703;102;144;6;1;;2003-03-01 00:00:00.000;;1455;;;;;;ISU_UCHEB;2011-11-08 15:55:54.000;ISU_UCHEB;2011-11-08 15:55:54.000;;1
1733;3;"2003/2004";703;102;145;6;1;;2003-03-01 00:00:00.000;;1456;;;;;;ISU_UCHEB;2011-11-08 15:55:54.000;ISU_UCHEB;2011-11-08 15:55:54.000;;1
1757;3;"2003/2004";717;212;767;3;1;;2003-03-01 00:00:00.000;;1382;;;;;;ISU_UCHEB;2011-11-08 15:55:54.000;ISU_UCHEB;2011-11-08 15:55:54.000;;1
4541;3;"2007/2008";703;102;3258;5;1;;2007-03-01 00:00:00.000;;;;;;;;ISU_UCHEB;2011-11-08 15:55:54.000;ISU_UCHEB;2011-11-08 15:55:54.000;;1
4542;3;"2007/2008";703;102;3259;5;1;;2007-03-01 00:00:00.000;;;;;;;;ISU_UCHEB;2011-11-08 15:55:54.000;ISU_UCHEB;2011-11-08 15:55:54.000;;1
4574;5;"2007/2008";703;111;2792;5;1;;2007-03-01 00:00:00.000;;;;;;;;ISU_UCHEB;2011-11-08 15:55:54.000;ISU_UCHEB;2011-11-08 15:55:54.000;;1
4575;3;"2007/2008";703;111;2074;5;1;;2007-03-01 00:00:00.000;;;;;;;;ISU_UCHEB;2011-11-08 15:55:54.000;ISU_UCHEB;2011-11-08 15:55:54.000;;1
4618;3;"2007/2008";703;111;3181;1;1;;2007-03-01 00:00:00.000;;;;;;;;ISU_UCHEB;2011-11-08 15:55:54.000;ISU_UCHEB;2011-11-08 15:55:54.000;;1
4669;5;"2007/2008";703;102;3250;5;1;;2007-03-01 00:00:00.000;;;;;;;;ISU_UCHEB;2011-11-08 15:55:54.000;ISU_UCHEB;2011-11-08 15:55:54.000;;1
5331;3;"2008/2009";703;118;3243;6;1;;2008-03-01 00:00:00.000;;4539;;;;;;ISU_UCHEB;2011-11-08 15:55:54.000;ISU_UCHEB;2011-11-08 15:55:54.000;;1
4693;3;"2008/2009";703;102;3250;5;1;;2008-03-01 00:00:00.000;;4503;;;;;;ISU_UCHEB;2011-11-08 15:55:54.000;ISU_UCHEB;2011-11-08 15:55:54.000;;1
4694;3;"2008/2009";703;102;3249;5;1;;2008-03-01 00:00:00.000;;4503;;;;;;ISU_UCHEB;2011-11-08 15:55:54.000;ISU_UCHEB;2011-11-08 15:55:54.000;;1
4695;3;"2008/2009";703;102;3251;5;1;;2008-03-01 00:00:00.000;;4503;;;;;;ISU_UCHEB;2011-11-08 15:55:54.000;ISU_UCHEB;2011-11-08 15:55:54.000;;1
4696;3;"2008/2009";703;102;3257;5;1;;2008-03-01 00:00:00.000;;;;;;;;ISU_UCHEB;2011-11-08 15:55:54.000;ISU_UCHEB;2011-11-08 15:55:54.000;План магистров первого года обучения;1
5100;3;"2008/2009";717;212;2767;2;1;;2008-03-01 00:00:00.000;;4327;;;;;;ISU_UCHEB;2011-11-08 15:55:54.000;ISU_UCHEB;2011-11-08 15:55:54.000;;1
4697;3;"2008/2009";703;102;3257;5;1;;2008-03-01 00:00:00.000;;;;;;;;ISU_UCHEB;2011-11-08 15:55:54.000;ISU_UCHEB;2011-11-08 15:55:54.000;План магистров первого года обучения;2
4698;3;"2008/2009";703;102;3258;5;1;;2008-03-01 00:00:00.000;;;;;;;;ISU_UCHEB;2011-11-08 15:55:54.000;ISU_UCHEB;2011-11-08 15:55:54.000;План магистров первого года обучения;1
4699;3;"2008/2009";703;102;3258;5;1;;2008-03-01 00:00:00.000;;;;;;;;ISU_UCHEB;2011-11-08 15:55:54.000;ISU_UCHEB;2011-11-08 15:55:54.000;План магистров первого года обучения;2
4700;3;"2008/2009";703;102;3259;5;1;;2008-03-01 00:00:00.000;;;;;;;;ISU_UCHEB;2011-11-08 15:55:54.000;ISU_UCHEB;2011-11-08 15:55:54.000;План магистров первого года обучения;1
4701;3;"2008/2009";703;102;3259;5;1;;2008-03-01 00:00:00.000;;;;;;;;ISU_UCHEB;2011-11-08 15:55:54.000;ISU_UCHEB;2011-11-08 15:55:54.000;План магистров первого года обучения;2
4714;3;"2008/2009";703;102;3257;6;1;;2008-03-01 00:00:00.000;;4507;;;;;;ISU_UCHEB;2011-11-08 15:55:54.000;ISU_UCHEB;2011-11-08 15:55:54.000;;1
4716;3;"2008/2009";703;102;3258;6;1;;2008-03-01 00:00:00.000;;4541;;;;;;ISU_UCHEB;2011-11-08 15:55:54.000;ISU_UCHEB;2011-11-08 15:55:54.000;;1
4705;3;"2008/2009";703;102;3259;6;1;;2008-03-01 00:00:00.000;;4542;;;;;;ISU_UCHEB;2011-11-08 15:55:54.000;ISU_UCHEB;2011-11-08 15:55:54.000;;1
4706;3;"2008/2009";703;102;3251;6;1;;2008-03-01 00:00:00.000;;4504;;;;;;ISU_UCHEB;2011-11-08 15:55:54.000;ISU_UCHEB;2011-11-08 15:55:54.000;;1
4707;3;"2008/2009";703;102;3250;6;1;;2008-03-01 00:00:00.000;;4505;;;;;;ISU_UCHEB;2011-11-08 15:55:54.000;ISU_UCHEB;2011-11-08 15:55:54.000;;1
4708;3;"2008/2009";703;102;3249;6;1;;2008-03-01 00:00:00.000;;4506;;;;;;ISU_UCHEB;2011-11-08 15:55:54.000;ISU_UCHEB;2011-11-08 15:55:54.000;;1
4709;3;"2008/2009";703;102;2700;1;1;;2008-03-01 00:00:00.000;9;;;34;;;;ISU_UCHEB;2011-11-08 15:55:54.000;ISU_UCHEB;2011-11-08 15:55:54.000;;1
4718;3;"2008/2009";703;102;2904;1;1;;2008-03-01 00:00:00.000;6;;;40;;;;ISU_UCHEB;2011-11-08 15:55:54.000;ISU_UCHEB;2011-11-08 15:55:54.000;;1
5054;3;"2008/2009";703;118;3243;1;1;;2008-03-01 00:00:00.000;2;;;23;;;;ISU_UCHEB;2011-11-08 15:55:54.000;ISU_UCHEB;2011-11-08 15:55:54.000;;1
5056;3;"2008/2009";703;118;3243;2;1;;2008-03-01 00:00:00.000;;4159;;;;;;ISU_UCHEB;2011-11-08 15:55:54.000;ISU_UCHEB;2011-11-08 15:55:54.000;;1
786;3;"2000/2001";712;102;700;1;2;;2000-05-24 00:00:00.000;;;;;;;;ISU_UCHEB;2011-11-08 15:55:54.000;ISU_UCHEB;2011-11-08 15:55:54.000;План обучения студентов первого курса;1
1852;3;"2003/2004";712;102;113;5;2;;2003-03-01 00:00:00.000;;1542;;;;;;ISU_UCHEB;2011-11-08 15:55:54.000;ISU_UCHEB;2011-11-08 15:55:54.000;;1
1789;3;"2003/2004";703;102;700;1;1;;2003-03-01 00:00:00.000;17;;;65;;;;ISU_UCHEB;2011-11-08 15:55:54.000;ISU_UCHEB;2011-11-08 15:55:54.000;План обучения студентов первого курса;1
1788;3;"2003/2004";703;111;792;4;1;;2003-03-01 00:00:00.000;;1540;;;;;;ISU_UCHEB;2011-11-08 15:55:54.000;ISU_UCHEB;2011-11-08 15:55:54.000;;1
1790;3;"2003/2004";703;111;792;1;1;;2003-03-01 00:00:00.000;8;;;16;;;;ISU_UCHEB;2011-11-08 15:55:54.000;ISU_UCHEB;2011-11-08 15:55:54.000;План обучения студентов первого курса;1
1836;3;"2003/2004";717;212;767;1;1;;2003-03-01 00:00:00.000;;;;40;;;;ISU_UCHEB;2011-11-08 15:55:54.000;ISU_UCHEB;2011-11-08 15:55:54.000;План обучения студентов первого курса;1
87;3;"1996/1997";703;111;187;3;1;;1996-05-24 00:00:00.000;;;;;;;;ISU_UCHEB;2011-11-08 15:55:54.000;ISU_UCHEB;2011-11-08 15:55:54.000;Первый существующий в цепочке план;1
23;3;"1996/1997";703;102;113;5;1;;1996-05-24 00:00:00.000;;;;;;;;ISU_UCHEB;2011-11-08 15:55:54.000;ISU_UCHEB;2011-11-08 15:55:54.000;Первый существующий в цепочке план;1
28;3;"1996/1997";703;102;125;4;1;;1996-05-24 00:00:00.000;;;;;;;;ISU_UCHEB;2011-11-08 15:55:54.000;ISU_UCHEB;2011-11-08 15:55:54.000;Первый существующий в цепочке план;1
3021;3;"2005/2006";703;102;3251;5;1;;2005-03-01 00:00:00.000;;2145;;;;;;ISU_UCHEB;2011-11-08 15:55:54.000;ISU_UCHEB;2011-11-08 15:55:54.000;;1
3022;3;"2005/2006";703;102;3249;5;1;;2005-03-01 00:00:00.000;;2145;;;;;;ISU_UCHEB;2011-11-08 15:55:54.000;ISU_UCHEB;2011-11-08 15:55:54.000;;1
3023;3;"2005/2006";703;102;3250;5;1;;2005-03-01 00:00:00.000;;2145;;;;;;ISU_UCHEB;2011-11-08 15:55:54.000;ISU_UCHEB;2011-11-08 15:55:54.000;;1
1676;3;"2003/2004";717;212;19;6;1;;2003-03-01 00:00:00.000;;1385;;;;;;ISU_UCHEB;2011-11-08 15:55:54.000;ISU_UCHEB;2011-11-08 15:55:54.000;;1
3034;3;"2005/2006";712;102;2700;3;2;;2005-03-01 00:00:00.000;;2365;;;;;;ISU_UCHEB;2011-11-08 15:55:54.000;ISU_UCHEB;2011-11-08 15:55:54.000;;1
3097;3;"2005/2006";717;212;2767;1;1;;2005-03-01 00:00:00.000;1;;;40;;;;ISU_UCHEB;2011-11-08 15:55:54.000;ISU_UCHEB;2011-11-08 15:55:54.000;;1
3098;3;"2005/2006";717;212;2767;2;1;;2005-03-01 00:00:00.000;;2233;;;;;;ISU_UCHEB;2011-11-08 15:55:54.000;ISU_UCHEB;2011-11-08 15:55:54.000;;1
3099;3;"2005/2006";717;212;2767;3;1;;2005-03-01 00:00:00.000;;2234;;;;;;ISU_UCHEB;2011-11-08 15:55:54.000;ISU_UCHEB;2011-11-08 15:55:54.000;;1
3100;3;"2005/2006";717;212;2767;4;1;;2005-03-01 00:00:00.000;;2235;;;;;;ISU_UCHEB;2011-11-08 15:55:54.000;ISU_UCHEB;2011-11-08 15:55:54.000;;1
3101;3;"2005/2006";717;212;2020;5;1;;2005-03-01 00:00:00.000;;;;;;;;ISU_UCHEB;2011-11-08 15:55:54.000;ISU_UCHEB;2011-11-08 15:55:54.000;;1
3102;3;"2005/2006";717;212;2020;6;1;;2005-03-01 00:00:00.000;;2354;;;;;;ISU_UCHEB;2011-11-08 15:55:54.000;ISU_UCHEB;2011-11-08 15:55:54.000;;1
5599;5;"2008/2009";717;212;3519;5;1;;2008-03-01 00:00:00.000;;;;;;;;ISU_UCHEB;2011-11-08 15:55:54.000;ISU_UCHEB;2011-11-08 15:55:54.000;;1
5600;5;"2008/2009";717;212;3520;5;1;;2008-03-01 00:00:00.000;;;;;;;;ISU_UCHEB;2011-11-08 15:55:54.000;ISU_UCHEB;2011-11-08 15:55:54.000;;1
5603;3;"2009/2010";703;102;2904;1;1;;2009-03-01 00:00:00.000;;;;61;;;;ISU_UCHEB;2011-11-08 15:55:54.000;ISU_UCHEB;2011-11-08 15:55:54.000;План обучения студентов первого курса;1
5604;3;"2009/2010";703;102;2700;1;1;;2009-03-01 00:00:00.000;9;;;15;;;;ISU_UCHEB;2011-11-08 15:55:54.000;ISU_UCHEB;2011-11-08 15:55:54.000;План обучения студентов первого курса;1
5605;3;"2009/2010";703;102;2904;2;1;;2009-03-01 00:00:00.000;;4718;;;;;;ISU_UCHEB;2011-11-08 15:55:54.000;ISU_UCHEB;2011-11-08 15:55:54.000;;1
5606;3;"2009/2010";703;102;2700;2;1;;2009-03-01 00:00:00.000;;4709;;;;;;ISU_UCHEB;2011-11-08 15:55:54.000;ISU_UCHEB;2011-11-08 15:55:54.000;;1
5607;3;"2009/2010";703;102;2904;3;1;;2009-03-01 00:00:00.000;15;5373;;;;;;ISU_UCHEB;2011-11-08 15:55:54.000;ISU_UCHEB;2011-11-08 15:55:54.000;;1
5608;3;"2009/2010";703;102;2700;3;1;;2009-03-01 00:00:00.000;;4710;;;;;;ISU_UCHEB;2011-11-08 15:55:54.000;ISU_UCHEB;2011-11-08 15:55:54.000;;1
5609;3;"2009/2010";703;102;2904;4;1;;2009-03-01 00:00:00.000;;5283;;;;;;ISU_UCHEB;2011-11-08 15:55:54.000;ISU_UCHEB;2011-11-08 15:55:54.000;;1
31;3;"1997/1998";703;102;125;5;1;;1997-05-24 00:00:00.000;;28;;;;;;ISU_UCHEB;2011-11-08 15:55:54.000;ISU_UCHEB;2011-11-08 15:55:54.000;;1
32;3;"1998/1999";703;102;125;5;1;;1998-05-24 00:00:00.000;;29;;;;;;ISU_UCHEB;2011-11-08 15:55:54.000;ISU_UCHEB;2011-11-08 15:55:54.000;;1
34;3;"1996/1997";703;102;134;3;1;;1996-05-24 00:00:00.000;;;;;;;;ISU_UCHEB;2011-11-08 15:55:54.000;ISU_UCHEB;2011-11-08 15:55:54.000;Первый существующий в цепочке план;1
35;3;"1997/1998";703;102;134;3;1;;1997-05-24 00:00:00.000;;17;;;;;;ISU_UCHEB;2011-11-08 15:55:54.000;ISU_UCHEB;2011-11-08 15:55:54.000;;1
36;3;"1998/1999";703;102;134;3;1;;1998-05-24 00:00:00.000;;18;;;;;;ISU_UCHEB;2011-11-08 15:55:54.000;ISU_UCHEB;2011-11-08 15:55:54.000;;1
5610;3;"2009/2010";703;102;3251;5;1;;2009-03-01 00:00:00.000;;5286;;;;;;ISU_UCHEB;2011-11-08 15:55:54.000;ISU_UCHEB;2011-11-08 15:55:54.000;;1
37;3;"1996/1997";703;102;134;4;1;;1996-05-24 00:00:00.000;;;;;;;;ISU_UCHEB;2011-11-08 15:55:54.000;ISU_UCHEB;2011-11-08 15:55:54.000;Первый существующий в цепочке план;1
38;3;"1997/1998";703;102;134;4;1;;1997-05-24 00:00:00.000;;34;;;;;;ISU_UCHEB;2011-11-08 15:55:54.000;ISU_UCHEB;2011-11-08 15:55:54.000;;1
40;3;"1997/1998";703;102;134;5;1;;1997-05-24 00:00:00.000;;37;;;;;;ISU_UCHEB;2011-11-08 15:55:54.000;ISU_UCHEB;2011-11-08 15:55:54.000;;1
41;3;"1998/1999";703;102;134;5;1;;1998-05-24 00:00:00.000;;38;;;;;;ISU_UCHEB;2011-11-08 15:55:54.000;ISU_UCHEB;2011-11-08 15:55:54.000;;1
42;3;"1998/1999";703;102;134;6;1;;1998-05-24 00:00:00.000;;40;;;;;;ISU_UCHEB;2011-11-08 15:55:54.000;ISU_UCHEB;2011-11-08 15:55:54.000;;1
44;3;"1998/1999";703;102;144;5;1;;1998-05-24 00:00:00.000;;;;;;;;ISU_UCHEB;2011-11-08 15:55:54.000;ISU_UCHEB;2011-11-08 15:55:54.000;План магистров первого года обучения;1
81;3;"1996/1997";703;111;113;1;1;;1996-05-24 00:00:00.000;;;;;;;;ISU_UCHEB;2011-11-08 15:55:54.000;ISU_UCHEB;2011-11-08 15:55:54.000;План обучения студентов первого курса;1
82;3;"1997/1998";703;111;113;1;1;;1997-05-24 00:00:00.000;;;;;;;;ISU_UCHEB;2011-11-08 15:55:54.000;ISU_UCHEB;2011-11-08 15:55:54.000;План обучения студентов первого курса;1
83;3;"1998/1999";703;111;113;1;1;;1998-05-24 00:00:00.000;;;;;;;;ISU_UCHEB;2011-11-08 15:55:54.000;ISU_UCHEB;2011-11-08 15:55:54.000;План обучения студентов первого курса;1
85;3;"1997/1998";703;111;113;2;1;;1997-05-24 00:00:00.000;;81;;;;;;ISU_UCHEB;2011-11-08 15:55:54.000;ISU_UCHEB;2011-11-08 15:55:54.000;;1
86;3;"1998/1999";703;111;113;2;1;;1998-05-24 00:00:00.000;;82;;;;;;ISU_UCHEB;2011-11-08 15:55:54.000;ISU_UCHEB;2011-11-08 15:55:54.000;;1
2847;3;"2005/2006";703;111;2792;1;1;;2005-03-01 00:00:00.000;7;;;20;;;;ISU_UCHEB;2011-11-08 15:55:54.000;ISU_UCHEB;2011-11-08 15:55:54.000;;1
2848;3;"2005/2006";703;111;2792;2;1;;2005-03-01 00:00:00.000;;2154;;;;;;ISU_UCHEB;2011-11-08 15:55:54.000;ISU_UCHEB;2011-11-08 15:55:54.000;;1
1118;3;"2001/2002";703;102;1218;4;1;;2001-05-24 00:00:00.000;;603;;;;;;ISU_UCHEB;2011-11-08 15:55:54.000;ISU_UCHEB;2011-11-08 15:55:54.000;;1
987;3;"2001/2002";703;111;187;6;1;;2001-05-24 00:00:00.000;;610;;;;;;ISU_UCHEB;2011-11-08 15:55:54.000;ISU_UCHEB;2011-11-08 15:55:54.000;;1
607;3;"2000/2001";703;102;134;4;1;;2000-05-24 00:00:00.000;;276;;;;;;ISU_UCHEB;2011-11-08 15:55:54.000;ISU_UCHEB;2011-11-08 15:55:54.000;;1
608;3;"2000/2001";703;102;125;5;1;;2000-05-24 00:00:00.000;;280;;;;;;ISU_UCHEB;2011-11-08 15:55:54.000;ISU_UCHEB;2011-11-08 15:55:54.000;;1
609;3;"2000/2001";703;102;134;5;1;;2000-05-24 00:00:00.000;;281;;;;;;ISU_UCHEB;2011-11-08 15:55:54.000;ISU_UCHEB;2011-11-08 15:55:54.000;;1
610;3;"2000/2001";703;111;187;5;1;;2000-05-24 00:00:00.000;;282;;;;;;ISU_UCHEB;2011-11-08 15:55:54.000;ISU_UCHEB;2011-11-08 15:55:54.000;;1
616;3;"2000/2001";703;102;145;6;1;;2000-05-24 00:00:00.000;;305;;;;;;ISU_UCHEB;2011-11-08 15:55:54.000;ISU_UCHEB;2011-11-08 15:55:54.000;;1
272;3;"1999/2000";703;102;113;1;1;;1999-05-24 00:00:00.000;;;;;;;;ISU_UCHEB;2011-11-08 15:55:54.000;ISU_UCHEB;2011-11-08 15:55:54.000;План обучения студентов первого курса;1
424;3;"1999/2000";712;102;113;2;2;;1999-05-24 00:00:00.000;;15;;;;;;ISU_UCHEB;2011-11-08 15:55:54.000;ISU_UCHEB;2011-11-08 15:55:54.000;;1
614;3;"2000/2001";703;102;143;6;1;;2000-05-24 00:00:00.000;;303;;;;;;ISU_UCHEB;2011-11-08 15:55:54.000;ISU_UCHEB;2011-11-08 15:55:54.000;;1
762;3;"2000/2001";703;111;187;6;1;;2000-05-24 00:00:00.000;;285;;;;;;ISU_UCHEB;2011-11-08 15:55:54.000;ISU_UCHEB;2011-11-08 15:55:54.000;;1
804;3;"2000/2001";717;212;904;1;1;;2000-05-24 00:00:00.000;;;;;;;;ISU_UCHEB;2011-11-08 15:55:54.000;ISU_UCHEB;2011-11-08 15:55:54.000;План обучения студентов первого курса;1
19;3;"1998/1999";712;102;113;2;2;;1998-05-24 00:00:00.000;;;;;;;;ISU_UCHEB;2011-11-08 15:55:54.000;ISU_UCHEB;2011-11-08 15:55:54.000;Первый существующий в цепочке план;1
1430;3;"2002/2003";703;102;1047;4;1;;2002-03-01 00:00:00.000;;871;;;;;;ISU_UCHEB;2011-11-08 15:55:54.000;ISU_UCHEB;2011-11-08 15:55:54.000;;1
14;3;"1997/1998";703;102;113;1;1;;1997-05-24 00:00:00.000;;;;;;;;ISU_UCHEB;2011-11-08 15:55:54.000;ISU_UCHEB;2011-11-08 15:55:54.000;План обучения студентов первого курса;1
15;3;"1998/1999";712;102;113;1;2;;1998-05-24 00:00:00.000;;;;;;;;ISU_UCHEB;2011-11-08 15:55:54.000;ISU_UCHEB;2011-11-08 15:55:54.000;План обучения студентов первого курса;1
16;3;"1998/1999";703;102;113;1;1;;1998-05-24 00:00:00.000;;;;;;;;ISU_UCHEB;2011-11-08 15:55:54.000;ISU_UCHEB;2011-11-08 15:55:54.000;План обучения студентов первого курса;1
17;3;"1996/1997";703;102;113;2;1;;1996-05-24 00:00:00.000;;;;;;;;ISU_UCHEB;2011-11-08 15:55:54.000;ISU_UCHEB;2011-11-08 15:55:54.000;Первый существующий в цепочке план;1
20;3;"1998/1999";703;102;113;2;1;;1998-05-24 00:00:00.000;;14;;;;;;ISU_UCHEB;2011-11-08 15:55:54.000;ISU_UCHEB;2011-11-08 15:55:54.000;;1
22;3;"1998/1999";712;102;113;4;2;;1998-05-24 00:00:00.000;;;;;;;;ISU_UCHEB;2011-11-08 15:55:54.000;ISU_UCHEB;2011-11-08 15:55:54.000;Первый существующий в цепочке план;1
24;3;"1998/1999";712;102;113;5;2;;1998-05-24 00:00:00.000;;;;;;;;ISU_UCHEB;2011-11-08 15:55:54.000;ISU_UCHEB;2011-11-08 15:55:54.000;Первый существующий в цепочке план;1
25;3;"1996/1997";703;102;125;3;1;;1996-05-24 00:00:00.000;;;;;;;;ISU_UCHEB;2011-11-08 15:55:54.000;ISU_UCHEB;2011-11-08 15:55:54.000;Первый существующий в цепочке план;1
26;3;"1997/1998";703;102;125;3;1;;1997-05-24 00:00:00.000;;17;;;;;;ISU_UCHEB;2011-11-08 15:55:54.000;ISU_UCHEB;2011-11-08 15:55:54.000;;1
27;3;"1998/1999";703;102;125;3;1;;1998-05-24 00:00:00.000;;18;;;;;;ISU_UCHEB;2011-11-08 15:55:54.000;ISU_UCHEB;2011-11-08 15:55:54.000;;1
29;3;"1997/1998";703;102;125;4;1;;1997-05-24 00:00:00.000;;25;;;;;;ISU_UCHEB;2011-11-08 15:55:54.000;ISU_UCHEB;2011-11-08 15:55:54.000;;1
30;3;"1998/1999";703;102;125;4;1;;1998-05-24 00:00:00.000;;26;;;;;;ISU_UCHEB;2011-11-08 15:55:54.000;ISU_UCHEB;2011-11-08 15:55:54.000;;1
2233;3;"2004/2005";717;212;767;1;1;;2004-03-01 00:00:00.000;3;;;40;;;;ISU_UCHEB;2011-11-08 15:55:54.000;ISU_UCHEB;2011-11-08 15:55:54.000;План обучения студентов первого курса;1
2234;3;"2004/2005";717;212;767;2;1;;2004-03-01 00:00:00.000;;1836;;;;;;ISU_UCHEB;2011-11-08 15:55:54.000;ISU_UCHEB;2011-11-08 15:55:54.000;;1
2235;3;"2004/2005";717;212;767;3;1;;2004-03-01 00:00:00.000;;1714;;;;;;ISU_UCHEB;2011-11-08 15:55:54.000;ISU_UCHEB;2011-11-08 15:55:54.000;;1
2236;3;"2004/2005";717;212;262;4;1;;2004-03-01 00:00:00.000;;1757;;;;;;ISU_UCHEB;2011-11-08 15:55:54.000;ISU_UCHEB;2011-11-08 15:55:54.000;;1
2237;3;"2004/2005";717;212;19;6;1;;2004-03-01 00:00:00.000;;1635;;;;;;ISU_UCHEB;2011-11-08 15:55:54.000;ISU_UCHEB;2011-11-08 15:55:54.000;;1
2849;3;"2005/2006";703;111;2792;3;1;;2005-03-01 00:00:00.000;;2155;;;;;;ISU_UCHEB;2011-11-08 15:55:54.000;ISU_UCHEB;2011-11-08 15:55:54.000;;1
2850;3;"2005/2006";703;111;2792;4;1;;2005-03-01 00:00:00.000;;2156;;;;;;ISU_UCHEB;2011-11-08 15:55:54.000;ISU_UCHEB;2011-11-08 15:55:54.000;;1
2851;3;"2005/2006";703;111;2792;5;1;;2005-03-01 00:00:00.000;;2157;;;;;;ISU_UCHEB;2011-11-08 15:55:54.000;ISU_UCHEB;2011-11-08 15:55:54.000;;1
2852;3;"2005/2006";703;102;2904;1;1;;2005-03-01 00:00:00.000;;;;14;;;;ISU_UCHEB;2011-11-08 15:55:54.000;ISU_UCHEB;2011-11-08 15:55:54.000;;1
2853;3;"2005/2006";703;102;2904;2;1;;2005-03-01 00:00:00.000;;2364;;;;;;ISU_UCHEB;2011-11-08 15:55:54.000;ISU_UCHEB;2011-11-08 15:55:54.000;;1
5099;3;"2008/2009";717;212;2767;1;1;;2008-03-01 00:00:00.000;;;;45;;;;ISU_UCHEB;2011-11-08 15:55:54.000;ISU_UCHEB;2011-11-08 15:55:54.000;;1
5611;3;"2009/2010";703;102;3249;5;1;;2009-03-01 00:00:00.000;;;;;;;;ISU_UCHEB;2011-11-08 15:55:54.000;ISU_UCHEB;2011-11-08 15:55:54.000;;1
5612;3;"2009/2010";703;102;3250;5;1;;2009-03-01 00:00:00.000;;5286;;;;;;ISU_UCHEB;2011-11-08 15:55:54.000;ISU_UCHEB;2011-11-08 15:55:54.000;;1
5613;3;"2009/2010";703;111;2904;1;1;;2009-03-01 00:00:00.000;;;;15;;;;ISU_UCHEB;2011-11-08 15:55:54.000;ISU_UCHEB;2011-11-08 15:55:54.000;План обучения студентов первого курса;1
5614;3;"2009/2010";703;111;2700;1;1;;2009-03-01 00:00:00.000;;;;15;;;;ISU_UCHEB;2011-11-08 15:55:54.000;ISU_UCHEB;2011-11-08 15:55:54.000;План обучения студентов первого курса;1
5616;3;"2009/2010";703;111;2700;2;1;;2009-03-01 00:00:00.000;;5377;;;;;;ISU_UCHEB;2011-11-08 15:55:54.000;ISU_UCHEB;2011-11-08 15:55:54.000;;1
5619;3;"2009/2010";703;102;2700;4;1;;2009-03-01 00:00:00.000;;5284;;;;;;ISU_UCHEB;2011-11-08 15:55:54.000;ISU_UCHEB;2011-11-08 15:55:54.000;;1
5620;3;"2009/2010";703;102;3257;5;1;;2009-03-01 00:00:00.000;;;;;;;;ISU_UCHEB;2011-11-08 15:55:54.000;ISU_UCHEB;2011-11-08 15:55:54.000;План магистров первого года обучения;1
5621;3;"2009/2010";703;102;3258;5;1;;2009-03-01 00:00:00.000;;;;;;;;ISU_UCHEB;2011-11-08 15:55:54.000;ISU_UCHEB;2011-11-08 15:55:54.000;План магистров первого года обучения;1
5622;3;"2009/2010";703;102;3259;5;1;;2009-03-01 00:00:00.000;;;;;;;;ISU_UCHEB;2011-11-08 15:55:54.000;ISU_UCHEB;2011-11-08 15:55:54.000;План магистров первого года обучения;1
5623;3;"2009/2010";703;102;3257;6;1;;2009-03-01 00:00:00.000;;4696;;;;;;ISU_UCHEB;2011-11-08 15:55:54.000;ISU_UCHEB;2011-11-08 15:55:54.000;;1
5676;3;"2009/2010";717;212;2767;1;1;;2009-03-01 00:00:00.000;;;;60;;;;ISU_UCHEB;2011-11-08 15:55:54.000;ISU_UCHEB;2011-11-08 15:55:54.000;План обучения студентов первого курса;1
5677;3;"2009/2010";717;212;2767;2;1;;2009-03-01 00:00:00.000;;5099;;;;;;ISU_UCHEB;2011-11-08 15:55:54.000;ISU_UCHEB;2011-11-08 15:55:54.000;;1
5678;3;"2009/2010";717;212;2767;3;1;;2009-03-01 00:00:00.000;;5100;;;;;;ISU_UCHEB;2011-11-08 15:55:54.000;ISU_UCHEB;2011-11-08 15:55:54.000;;1
5679;3;"2009/2010";717;212;2767;4;1;;2009-03-01 00:00:00.000;;5256;;;;;;ISU_UCHEB;2011-11-08 15:55:54.000;ISU_UCHEB;2011-11-08 15:55:54.000;;1
884;3;"2001/2002";703;102;145;6;1;;2001-05-24 00:00:00.000;;613;;;;;;ISU_UCHEB;2011-11-08 15:55:54.000;ISU_UCHEB;2011-11-08 15:55:54.000;;1
2148;3;"2004/2005";703;102;125;6;1;;2004-03-01 00:00:00.000;;1655;;;;;;ISU_UCHEB;2011-11-08 15:55:54.000;ISU_UCHEB;2011-11-08 15:55:54.000;;1
2149;3;"2004/2005";703;102;134;6;1;;2004-03-01 00:00:00.000;;1656;;;;;;ISU_UCHEB;2011-11-08 15:55:54.000;ISU_UCHEB;2011-11-08 15:55:54.000;;1
2150;3;"2004/2005";703;102;1047;6;1;;2004-03-01 00:00:00.000;;1657;;;;;;ISU_UCHEB;2011-11-08 15:55:54.000;ISU_UCHEB;2011-11-08 15:55:54.000;;1
2151;3;"2004/2005";703;102;143;6;1;;2004-03-01 00:00:00.000;;1658;;;;;;ISU_UCHEB;2011-11-08 15:55:54.000;ISU_UCHEB;2011-11-08 15:55:54.000;;1
2152;3;"2004/2005";703;102;144;6;1;;2004-03-01 00:00:00.000;;1659;;;;;;ISU_UCHEB;2011-11-08 15:55:54.000;ISU_UCHEB;2011-11-08 15:55:54.000;;1
2153;3;"2004/2005";703;102;145;6;1;;2004-03-01 00:00:00.000;;1660;;;;;;ISU_UCHEB;2011-11-08 15:55:54.000;ISU_UCHEB;2011-11-08 15:55:54.000;;1
2154;3;"2004/2005";703;111;792;1;1;;2004-03-01 00:00:00.000;10;;;21;;;;ISU_UCHEB;2011-11-08 15:55:54.000;ISU_UCHEB;2011-11-08 15:55:54.000;План обучения студентов первого курса;1
2155;3;"2004/2005";703;111;792;2;1;;2004-03-01 00:00:00.000;;1790;;;;;;ISU_UCHEB;2011-11-08 15:55:54.000;ISU_UCHEB;2011-11-08 15:55:54.000;;1
2156;3;"2004/2005";703;111;792;3;1;;2004-03-01 00:00:00.000;;1727;;;;;;ISU_UCHEB;2011-11-08 15:55:54.000;ISU_UCHEB;2011-11-08 15:55:54.000;;1
2157;3;"2004/2005";703;111;792;4;1;;2004-03-01 00:00:00.000;;1724;;;;;;ISU_UCHEB;2011-11-08 15:55:54.000;ISU_UCHEB;2011-11-08 15:55:54.000;;1
2158;3;"2004/2005";703;111;187;6;1;;2004-03-01 00:00:00.000;;1643;;;;;;ISU_UCHEB;2011-11-08 15:55:54.000;ISU_UCHEB;2011-11-08 15:55:54.000;;1
2159;3;"2004/2005";703;111;792;5;1;;2004-03-01 00:00:00.000;;1788;;;;;;ISU_UCHEB;2011-11-08 15:55:54.000;ISU_UCHEB;2011-11-08 15:55:54.000;;1
2160;3;"2004/2005";703;102;1249;5;1;;2004-03-01 00:00:00.000;;1722;;;;;;ISU_UCHEB;2011-11-08 15:55:54.000;ISU_UCHEB;2011-11-08 15:55:54.000;;1
2161;3;"2004/2005";703;102;1250;5;1;;2004-03-01 00:00:00.000;;1722;;;;;;ISU_UCHEB;2011-11-08 15:55:54.000;ISU_UCHEB;2011-11-08 15:55:54.000;;1
2162;3;"2004/2005";703;102;1251;5;1;;2004-03-01 00:00:00.000;;1722;;;;;;ISU_UCHEB;2011-11-08 15:55:54.000;ISU_UCHEB;2011-11-08 15:55:54.000;;1
2196;3;"2004/2005";703;118;1243;1;1;;2004-03-01 00:00:00.000;1;;;15;;;;ISU_UCHEB;2011-11-08 15:55:54.000;ISU_UCHEB;2011-11-08 15:55:54.000;План обучения студентов первого курса;1
2199;3;"2004/2005";703;118;1243;2;1;;2004-03-01 00:00:00.000;;1952;;;;;;ISU_UCHEB;2011-11-08 15:55:54.000;ISU_UCHEB;2011-11-08 15:55:54.000;;1
162;3;"1998/1999";703;212;262;1;1;;1998-05-24 00:00:00.000;;;;;;;;ISU_UCHEB;2011-11-08 15:55:54.000;ISU_UCHEB;2011-11-08 15:55:54.000;План обучения студентов первого курса;1
163;3;"1998/1999";703;212;262;2;1;;1998-05-24 00:00:00.000;;;;;;;;ISU_UCHEB;2011-11-08 15:55:54.000;ISU_UCHEB;2011-11-08 15:55:54.000;Первый существующий в цепочке план;1
165;3;"1998/1999";703;212;262;4;1;;1998-05-24 00:00:00.000;;;;;;;;ISU_UCHEB;2011-11-08 15:55:54.000;ISU_UCHEB;2011-11-08 15:55:54.000;Первый существующий в цепочке план;1
167;3;"1998/1999";703;212;64;6;1;;1998-05-24 00:00:00.000;;;;;;;;ISU_UCHEB;2011-11-08 15:55:54.000;ISU_UCHEB;2011-11-08 15:55:54.000;;1
3131;3;"2005/2006";703;102;3250;6;1;;2005-03-01 00:00:00.000;;2161;;;;;;ISU_UCHEB;2011-11-08 15:55:54.000;ISU_UCHEB;2011-11-08 15:55:54.000;;1
3132;3;"2005/2006";703;102;3249;6;1;;2005-03-01 00:00:00.000;;2160;;;;;;ISU_UCHEB;2011-11-08 15:55:54.000;ISU_UCHEB;2011-11-08 15:55:54.000;;1
3133;3;"2005/2006";703;102;3251;6;1;;2005-03-01 00:00:00.000;;2162;;;;;;ISU_UCHEB;2011-11-08 15:55:54.000;ISU_UCHEB;2011-11-08 15:55:54.000;;1
3134;3;"2005/2006";703;111;2792;6;1;;2005-03-01 00:00:00.000;;2159;;;;;;ISU_UCHEB;2011-11-08 15:55:54.000;ISU_UCHEB;2011-11-08 15:55:54.000;;1
3142;3;"2005/2006";703;102;3257;6;1;;2005-03-01 00:00:00.000;;2357;;;;;;ISU_UCHEB;2011-11-08 15:55:54.000;ISU_UCHEB;2011-11-08 15:55:54.000;;1
3147;5;"2005/2006";703;102;3250;5;1;;2005-03-01 00:00:00.000;;;;;;;;ISU_UCHEB;2011-11-08 15:55:54.000;ISU_UCHEB;2011-11-08 15:55:54.000;;1
3144;3;"2005/2006";703;102;3258;6;1;;2005-03-01 00:00:00.000;;2358;;;;;;ISU_UCHEB;2011-11-08 15:55:54.000;ISU_UCHEB;2011-11-08 15:55:54.000;;1
3146;3;"2005/2006";703;102;3259;6;1;;2005-03-01 00:00:00.000;;2359;;;;;;ISU_UCHEB;2011-11-08 15:55:54.000;ISU_UCHEB;2011-11-08 15:55:54.000;;1
5451;3;"2008/2009";703;111;3492;6;1;;2008-03-01 00:00:00.000;;4575;;;;;;ISU_UCHEB;2011-11-08 15:55:54.000;ISU_UCHEB;2011-11-08 15:55:54.000;;1
5456;3;"2008/2009";703;111;2904;1;1;;2008-03-01 00:00:00.000;;;;;;;;ISU_UCHEB;2011-11-08 15:55:54.000;ISU_UCHEB;2011-11-08 15:55:54.000;;1
5457;3;"2008/2009";703;111;2904;2;1;;2008-03-01 00:00:00.000;;4646;;;;;;ISU_UCHEB;2011-11-08 15:55:54.000;ISU_UCHEB;2011-11-08 15:55:54.000;;1
5458;3;"2008/2009";703;111;2904;3;1;;2008-03-01 00:00:00.000;;;;;;;;ISU_UCHEB;2011-11-08 15:55:54.000;ISU_UCHEB;2011-11-08 15:55:54.000;;1
4710;3;"2008/2009";703;102;2700;2;1;;2008-03-01 00:00:00.000;;4496;;;;;;ISU_UCHEB;2011-11-08 15:55:54.000;ISU_UCHEB;2011-11-08 15:55:54.000;;1
4713;3;"2008/2009";703;102;3259;6;1;;2008-03-01 00:00:00.000;;;;;;;;ISU_UCHEB;2011-11-08 15:55:54.000;ISU_UCHEB;2011-11-08 15:55:54.000;;2
4715;3;"2008/2009";703;102;3257;6;1;;2008-03-01 00:00:00.000;;;;;;;;ISU_UCHEB;2011-11-08 15:55:54.000;ISU_UCHEB;2011-11-08 15:55:54.000;;2
4717;3;"2008/2009";703;102;3258;6;1;;2008-03-01 00:00:00.000;;;;;;;;ISU_UCHEB;2011-11-08 15:55:54.000;ISU_UCHEB;2011-11-08 15:55:54.000;;2
5688;3;"2009/2010";703;118;3243;6;1;;2009-03-01 00:00:00.000;;4876;;;;;;ISU_UCHEB;2011-11-08 15:55:54.000;ISU_UCHEB;2011-11-08 15:55:54.000;;1
6197;3;"2009/2010";703;102;3257;6;1;;2009-03-01 00:00:00.000;;;;;;;;ISU_UCHEB;2011-11-08 15:55:54.000;ISU_UCHEB;2011-11-08 15:55:54.000;;2
6198;3;"2009/2010";703;102;3258;6;1;;2009-03-01 00:00:00.000;;;;;;;;ISU_UCHEB;2011-11-08 15:55:54.000;ISU_UCHEB;2011-11-08 15:55:54.000;;2
6199;3;"2009/2010";703;102;3499;6;1;;2009-03-01 00:00:00.000;;;;;;;;ISU_UCHEB;2011-11-08 15:55:54.000;ISU_UCHEB;2011-11-08 15:55:54.000;;2
813;3;"2001/2002";703;102;700;1;1;;2001-05-24 00:00:00.000;47;;;65;;;;ISU_UCHEB;2011-11-08 15:55:54.000;ISU_UCHEB;2011-11-08 15:55:54.000;План обучения студентов первого курса;1
1909;3;"2003/2004";717;212;262;4;1;;2003-03-01 00:00:00.000;;1383;;;;;;ISU_UCHEB;2011-11-08 15:55:54.000;ISU_UCHEB;2011-11-08 15:55:54.000;;1
1937;3;"2003/2004";712;102;700;1;2;;2003-03-01 00:00:00.000;;;;12;;;;ISU_UCHEB;2011-11-08 15:55:54.000;ISU_UCHEB;2011-11-08 15:55:54.000;План обучения студентов первого курса;1
13;3;"1996/1997";703;102;113;1;1;;1996-05-24 00:00:00.000;;;;;;;;ISU_UCHEB;2011-11-08 15:55:54.000;ISU_UCHEB;2011-11-08 15:55:54.000;План обучения студентов первого курса;1
3335;3;"2005/2006";712;102;113;5;2;;2005-03-01 00:00:00.000;;2298;;;;;;ISU_UCHEB;2011-11-08 15:55:54.000;ISU_UCHEB;2011-11-08 15:55:54.000;;1
3892;5;"2006/2007";703;102;3257;5;1;;2006-03-01 00:00:00.000;;;;;;;;ISU_UCHEB;2011-11-08 15:55:54.000;ISU_UCHEB;2011-11-08 15:55:54.000;План магистров первого года обучения;1
4038;3;"2006/2007";703;111;2904;4;1;;2006-03-01 00:00:00.000;;3717;;;;;;ISU_UCHEB;2011-11-08 15:55:54.000;ISU_UCHEB;2011-11-08 15:55:54.000;;1
4327;3;"2007/2008";717;212;2767;1;1;;2007-03-01 00:00:00.000;2;;;40;;;;ISU_UCHEB;2011-11-08 15:55:54.000;ISU_UCHEB;2011-11-08 15:55:54.000;План обучения студентов первого курса;1
4328;3;"2007/2008";717;212;2767;2;1;;2007-03-01 00:00:00.000;;3793;;;;;;ISU_UCHEB;2011-11-08 15:55:54.000;ISU_UCHEB;2011-11-08 15:55:54.000;;1
4329;3;"2007/2008";717;212;2767;3;1;;2007-03-01 00:00:00.000;;3794;;;;;;ISU_UCHEB;2011-11-08 15:55:54.000;ISU_UCHEB;2011-11-08 15:55:54.000;;1
4330;3;"2007/2008";717;212;2767;4;1;;2007-03-01 00:00:00.000;;3795;;;;;;ISU_UCHEB;2011-11-08 15:55:54.000;ISU_UCHEB;2011-11-08 15:55:54.000;;1
4331;3;"2007/2008";717;212;2020;5;1;;2007-03-01 00:00:00.000;;;;;;;;ISU_UCHEB;2011-11-08 15:55:54.000;ISU_UCHEB;2011-11-08 15:55:54.000;План магистров первого года обучения;1
4332;3;"2007/2008";717;212;2020;6;1;;2007-03-01 00:00:00.000;;3797;;;;;;ISU_UCHEB;2011-11-08 15:55:54.000;ISU_UCHEB;2011-11-08 15:55:54.000;;1
2354;3;"2004/2005";717;212;70;5;1;;2004-03-01 00:00:00.000;;;;;;;;ISU_UCHEB;2011-11-08 15:55:54.000;ISU_UCHEB;2011-11-08 15:55:54.000;;1
2358;3;"2004/2005";703;102;1258;5;1;;2004-03-01 00:00:00.000;;;;;;;;ISU_UCHEB;2011-11-08 15:55:54.000;ISU_UCHEB;2011-11-08 15:55:54.000;План магистров первого года обучения;1
2357;3;"2004/2005";703;102;1257;5;1;;2004-03-01 00:00:00.000;;;;;;;;ISU_UCHEB;2011-11-08 15:55:54.000;ISU_UCHEB;2011-11-08 15:55:54.000;План магистров первого года обучения;1
2359;3;"2004/2005";703;102;1259;5;1;;2004-03-01 00:00:00.000;;2358;;;;;;ISU_UCHEB;2011-11-08 15:55:54.000;ISU_UCHEB;2011-11-08 15:55:54.000;План магистров первого года обучения;1
2364;3;"2004/2005";703;102;904;1;1;;2004-03-01 00:00:00.000;;;;15;;;;ISU_UCHEB;2011-11-08 15:55:54.000;ISU_UCHEB;2011-11-08 15:55:54.000;План обучения студентов первого курса;1
2365;3;"2004/2005";712;102;700;2;2;;2004-03-01 00:00:00.000;;1937;;;;;;ISU_UCHEB;2011-11-08 15:55:54.000;ISU_UCHEB;2011-11-08 15:55:54.000;;1
2142;3;"2004/2005";703;102;700;1;1;;2004-03-01 00:00:00.000;28;;;50;;;;ISU_UCHEB;2011-11-08 15:55:54.000;ISU_UCHEB;2011-11-08 15:55:54.000;План обучения студентов первого курса;1
2143;3;"2004/2005";703;102;700;2;1;;2004-03-01 00:00:00.000;;1789;;;;;;ISU_UCHEB;2011-11-08 15:55:54.000;ISU_UCHEB;2011-11-08 15:55:54.000;;1
2144;3;"2004/2005";703;102;700;3;1;;2004-03-01 00:00:00.000;;1726;;;;;;ISU_UCHEB;2011-11-08 15:55:54.000;ISU_UCHEB;2011-11-08 15:55:54.000;;1
2145;3;"2004/2005";703;102;700;4;1;;2004-03-01 00:00:00.000;;1723;;;;;;ISU_UCHEB;2011-11-08 15:55:54.000;ISU_UCHEB;2011-11-08 15:55:54.000;;1
3848;3;"2006/2007";712;102;2700;4;2;;2006-03-01 00:00:00.000;;3034;;;;;;ISU_UCHEB;2011-11-08 15:55:54.000;ISU_UCHEB;2011-11-08 15:55:54.000;;1
5683;3;"2009/2010";717;212;3520;5;1;;2009-03-01 00:00:00.000;;;;;;;;ISU_UCHEB;2011-11-08 15:55:54.000;ISU_UCHEB;2011-11-08 15:55:54.000;План магистров первого года обучения;1
1948;3;"2003/2004";712;102;700;4;2;;2003-03-01 00:00:00.000;;1541;;;;;;ISU_UCHEB;2011-11-08 15:55:54.000;ISU_UCHEB;2011-11-08 15:55:54.000;;1
1950;3;"2003/2004";703;111;143;5;1;;2003-03-01 00:00:00.000;;;;5;;;;ISU_UCHEB;2011-11-08 15:55:54.000;ISU_UCHEB;2011-11-08 15:55:54.000;План магистров первого года обучения;1
1952;3;"2003/2004";703;118;1243;1;1;;2003-03-01 00:00:00.000;;;;15;;;;ISU_UCHEB;2011-11-08 15:55:54.000;ISU_UCHEB;2011-11-08 15:55:54.000;План обучения студентов первого курса;1
486;3;"1999/2000";703;102;113;6;1;;1999-05-24 00:00:00.000;;;;;;;;ISU_UCHEB;2011-11-08 15:55:54.000;ISU_UCHEB;2011-11-08 15:55:54.000;;1
273;3;"1999/2000";703;111;187;1;1;;1999-05-24 00:00:00.000;;;;;;;;ISU_UCHEB;2011-11-08 15:55:54.000;ISU_UCHEB;2011-11-08 15:55:54.000;План обучения студентов первого курса;1
274;3;"1999/2000";703;102;113;2;1;;1999-05-24 00:00:00.000;;16;;;;;;ISU_UCHEB;2011-11-08 15:55:54.000;ISU_UCHEB;2011-11-08 15:55:54.000;;1
275;3;"1999/2000";703;111;187;2;1;;1999-05-24 00:00:00.000;;83;;;;;;ISU_UCHEB;2011-11-08 15:55:54.000;ISU_UCHEB;2011-11-08 15:55:54.000;;1
276;3;"1999/2000";703;102;113;3;1;;1999-05-24 00:00:00.000;;20;;;;;;ISU_UCHEB;2011-11-08 15:55:54.000;ISU_UCHEB;2011-11-08 15:55:54.000;;1
279;3;"1999/2000";703;111;187;3;1;;1999-05-24 00:00:00.000;;86;;;;;;ISU_UCHEB;2011-11-08 15:55:54.000;ISU_UCHEB;2011-11-08 15:55:54.000;;1
280;3;"1999/2000";703;102;125;4;1;;1999-05-24 00:00:00.000;;27;;;;;;ISU_UCHEB;2011-11-08 15:55:54.000;ISU_UCHEB;2011-11-08 15:55:54.000;;1
281;3;"1999/2000";703;102;134;4;1;;1999-05-24 00:00:00.000;;36;;;;;;ISU_UCHEB;2011-11-08 15:55:54.000;ISU_UCHEB;2011-11-08 15:55:54.000;;1
282;3;"1999/2000";703;111;187;4;1;;1999-05-24 00:00:00.000;;89;;;;;;ISU_UCHEB;2011-11-08 15:55:54.000;ISU_UCHEB;2011-11-08 15:55:54.000;;1
283;3;"1999/2000";703;102;134;5;1;;1999-05-24 00:00:00.000;;39;;;;;;ISU_UCHEB;2011-11-08 15:55:54.000;ISU_UCHEB;2011-11-08 15:55:54.000;;1
284;3;"1999/2000";703;102;125;5;1;;1999-05-24 00:00:00.000;;30;;;;;;ISU_UCHEB;2011-11-08 15:55:54.000;ISU_UCHEB;2011-11-08 15:55:54.000;;1
436;3;"1999/2000";712;102;113;3;2;;1999-05-24 00:00:00.000;;19;;;;;;ISU_UCHEB;2011-11-08 15:55:54.000;ISU_UCHEB;2011-11-08 15:55:54.000;;1
5685;3;"2009/2010";703;118;3243;2;1;;2009-03-01 00:00:00.000;;5054;;;;;;ISU_UCHEB;2011-11-08 15:55:54.000;ISU_UCHEB;2011-11-08 15:55:54.000;;1
5687;3;"2009/2010";703;118;3243;5;1;;2009-03-01 00:00:00.000;;5187;;;;;;ISU_UCHEB;2011-11-08 15:55:54.000;ISU_UCHEB;2011-11-08 15:55:54.000;;1
871;3;"2001/2002";703;102;113;3;1;;2001-05-24 00:00:00.000;;601;;;;;;ISU_UCHEB;2011-11-08 15:55:54.000;ISU_UCHEB;2011-11-08 15:55:54.000;;1
4031;5;"2006/2007";717;212;2020;6;1;;2006-03-01 00:00:00.000;;3799;;;;;;ISU_UCHEB;2011-11-08 15:55:54.000;ISU_UCHEB;2011-11-08 15:55:54.000;;1
4539;3;"2007/2008";703;118;3243;5;1;;2007-03-01 00:00:00.000;;3876;;;;;;ISU_UCHEB;2011-11-08 15:55:54.000;ISU_UCHEB;2011-11-08 15:55:54.000;;1
4581;3;"2007/2008";703;102;3257;5;1;;2007-03-01 00:00:00.000;;;;;;;;ISU_UCHEB;2011-11-08 15:55:54.000;ISU_UCHEB;2011-11-08 15:55:54.000;;2
4582;3;"2007/2008";703;102;3258;5;1;;2007-03-01 00:00:00.000;;;;;;;;ISU_UCHEB;2011-11-08 15:55:54.000;ISU_UCHEB;2011-11-08 15:55:54.000;;2
4583;3;"2007/2008";703;102;3259;5;1;;2007-03-01 00:00:00.000;;;;;;;;ISU_UCHEB;2011-11-08 15:55:54.000;ISU_UCHEB;2011-11-08 15:55:54.000;;2
4067;3;"2007/2008";703;111;2904;4;1;;2007-03-01 00:00:00.000;;3717;;;;;;ISU_UCHEB;2011-11-08 15:55:54.000;ISU_UCHEB;2011-11-08 15:55:54.000;;1
4860;3;"2008/2009";717;212;3520;5;1;;2008-03-01 00:00:00.000;;;;;;;;ISU_UCHEB;2011-11-08 15:55:54.000;ISU_UCHEB;2011-11-08 15:55:54.000;План магистров первого года обучения;1
4872;3;"2008/2009";703;111;2792;5;1;;2008-03-01 00:00:00.000;;4519;;;;;;ISU_UCHEB;2011-11-08 15:55:54.000;ISU_UCHEB;2011-11-08 15:55:54.000;;1
4876;3;"2008/2009";703;118;3243;5;1;;2008-03-01 00:00:00.000;;4165;;;;;;ISU_UCHEB;2011-11-08 15:55:54.000;ISU_UCHEB;2011-11-08 15:55:54.000;;1
4656;3;"2007/2008";717;212;2020;6;1;;2007-03-01 00:00:00.000;;4030;;;;;;ISU_UCHEB;2011-11-08 15:55:54.000;ISU_UCHEB;2011-11-08 15:55:54.000;;2
4366;3;"2007/2008";712;102;2700;4;2;;2007-03-01 00:00:00.000;;;;;;;;ISU_UCHEB;2011-11-08 15:55:54.000;ISU_UCHEB;2011-11-08 15:55:54.000;;1
4657;3;"2007/2008";717;212;2020;6;1;;2007-03-01 00:00:00.000;;4654;;;;;;ISU_UCHEB;2011-11-08 15:55:54.000;ISU_UCHEB;2011-11-08 15:55:54.000;;3
4658;3;"2007/2008";717;212;2020;6;1;;2007-03-01 00:00:00.000;;4655;;;;;;ISU_UCHEB;2011-11-08 15:55:54.000;ISU_UCHEB;2011-11-08 15:55:54.000;;4
4659;5;"2007/2008";717;212;2020;6;1;;2007-03-01 00:00:00.000;;4030;;;;;;ISU_UCHEB;2011-11-08 15:55:54.000;ISU_UCHEB;2011-11-08 15:55:54.000;;2
4660;5;"2007/2008";717;212;2020;6;1;;2007-03-01 00:00:00.000;;4654;;;;;;ISU_UCHEB;2011-11-08 15:55:54.000;ISU_UCHEB;2011-11-08 15:55:54.000;;3
4661;5;"2007/2008";717;212;2020;6;1;;2007-03-01 00:00:00.000;;4655;;;;;;ISU_UCHEB;2011-11-08 15:55:54.000;ISU_UCHEB;2011-11-08 15:55:54.000;;4
4401;3;"2007/2008";712;102;113;5;2;;2007-03-01 00:00:00.000;;3848;;;;;;ISU_UCHEB;2011-11-08 15:55:54.000;ISU_UCHEB;2011-11-08 15:55:54.000;;1
4402;5;"2007/2008";717;212;2020;5;1;;2007-03-01 00:00:00.000;;3797;;;;;;ISU_UCHEB;2011-11-08 15:55:54.000;ISU_UCHEB;2011-11-08 15:55:54.000;;1
285;3;"1999/2000";703;111;187;5;1;;1999-05-24 00:00:00.000;;92;;;;;;ISU_UCHEB;2011-11-08 15:55:54.000;ISU_UCHEB;2011-11-08 15:55:54.000;;1
307;3;"1999/2000";703;102;144;6;1;;1999-05-24 00:00:00.000;;44;;;;;;ISU_UCHEB;2011-11-08 15:55:54.000;ISU_UCHEB;2011-11-08 15:55:54.000;;1
33;3;"1998/1999";703;102;125;6;1;;1998-05-24 00:00:00.000;;31;;;;;;ISU_UCHEB;2011-11-08 15:55:54.000;ISU_UCHEB;2011-11-08 15:55:54.000;;1
611;3;"2000/2001";703;102;143;5;1;;2000-05-24 00:00:00.000;;;;;;;;ISU_UCHEB;2011-11-08 15:55:54.000;ISU_UCHEB;2011-11-08 15:55:54.000;План магистров первого года обучения;1
303;3;"1999/2000";703;102;143;5;1;;1999-05-24 00:00:00.000;;;;;;;;ISU_UCHEB;2011-11-08 15:55:54.000;ISU_UCHEB;2011-11-08 15:55:54.000;План магистров первого года обучения;1
304;3;"1999/2000";703;102;144;5;1;;1999-05-24 00:00:00.000;;;;;;;;ISU_UCHEB;2011-11-08 15:55:54.000;ISU_UCHEB;2011-11-08 15:55:54.000;План магистров первого года обучения;1
306;3;"1999/2000";703;102;143;6;1;;1999-05-24 00:00:00.000;;43;;;;;;ISU_UCHEB;2011-11-08 15:55:54.000;ISU_UCHEB;2011-11-08 15:55:54.000;;1
309;3;"1999/2000";703;212;262;1;1;;1999-05-24 00:00:00.000;;;;;;;;ISU_UCHEB;2011-11-08 15:55:54.000;ISU_UCHEB;2011-11-08 15:55:54.000;План обучения студентов первого курса;1
310;3;"1999/2000";703;212;262;2;1;;1999-05-24 00:00:00.000;;162;;;;;;ISU_UCHEB;2011-11-08 15:55:54.000;ISU_UCHEB;2011-11-08 15:55:54.000;;1
311;3;"1999/2000";703;212;262;3;1;;1999-05-24 00:00:00.000;;163;;;;;;ISU_UCHEB;2011-11-08 15:55:54.000;ISU_UCHEB;2011-11-08 15:55:54.000;;1
312;3;"1999/2000";703;212;262;4;1;;1999-05-24 00:00:00.000;;164;;;;;;ISU_UCHEB;2011-11-08 15:55:54.000;ISU_UCHEB;2011-11-08 15:55:54.000;;1
313;3;"1999/2000";703;212;64;5;1;;1999-05-24 00:00:00.000;;;;;;;;ISU_UCHEB;2011-11-08 15:55:54.000;ISU_UCHEB;2011-11-08 15:55:54.000;План магистров первого года обучения;1
314;3;"1999/2000";703;212;64;6;1;;1999-05-24 00:00:00.000;;166;;;;;;ISU_UCHEB;2011-11-08 15:55:54.000;ISU_UCHEB;2011-11-08 15:55:54.000;;1
18;3;"1997/1998";703;102;113;2;1;;1997-05-24 00:00:00.000;;13;;;;;;ISU_UCHEB;2011-11-08 15:55:54.000;ISU_UCHEB;2011-11-08 15:55:54.000;;1
39;3;"1998/1999";703;102;134;4;1;;1998-05-24 00:00:00.000;;35;;;;;;ISU_UCHEB;2011-11-08 15:55:54.000;ISU_UCHEB;2011-11-08 15:55:54.000;;1
1033;3;"2001/2002";717;212;767;1;1;;2001-05-24 00:00:00.000;;;;40;;;;ISU_UCHEB;2011-11-08 15:55:54.000;ISU_UCHEB;2011-11-08 15:55:54.000;План обучения студентов первого курса;1
1381;3;"2002/2003";717;212;767;1;1;;2002-03-01 00:00:00.000;;;;40;;;;ISU_UCHEB;2011-11-08 15:55:54.000;ISU_UCHEB;2011-11-08 15:55:54.000;План обучения студентов первого курса;1
1382;3;"2002/2003";717;212;767;2;1;;2002-03-01 00:00:00.000;;1033;;;;;;ISU_UCHEB;2011-11-08 15:55:54.000;ISU_UCHEB;2011-11-08 15:55:54.000;;1
1383;3;"2002/2003";717;212;767;3;1;;2002-03-01 00:00:00.000;;1035;;;;;;ISU_UCHEB;2011-11-08 15:55:54.000;ISU_UCHEB;2011-11-08 15:55:54.000;;1
1384;3;"2002/2003";717;212;262;4;1;;2002-03-01 00:00:00.000;;1036;;;;;;ISU_UCHEB;2011-11-08 15:55:54.000;ISU_UCHEB;2011-11-08 15:55:54.000;;1
1385;3;"2002/2003";717;212;19;5;1;;2002-03-01 00:00:00.000;;;;25;;;;ISU_UCHEB;2011-11-08 15:55:54.000;ISU_UCHEB;2011-11-08 15:55:54.000;План магистров первого года обучения;1
1386;3;"2002/2003";717;212;64;6;1;;2002-03-01 00:00:00.000;;1038;;;;;;ISU_UCHEB;2011-11-08 15:55:54.000;ISU_UCHEB;2011-11-08 15:55:54.000;;1
1400;3;"2002/2003";703;102;125;6;1;;2002-03-01 00:00:00.000;;874;;;;;;ISU_UCHEB;2011-11-08 15:55:54.000;ISU_UCHEB;2011-11-08 15:55:54.000;;1
1401;3;"2002/2003";703;111;187;6;1;;2002-03-01 00:00:00.000;;958;;;;;;ISU_UCHEB;2011-11-08 15:55:54.000;ISU_UCHEB;2011-11-08 15:55:54.000;;1
1427;3;"2002/2003";703;102;700;1;1;;2002-03-01 00:00:00.000;47;;;65;;;;ISU_UCHEB;2011-11-08 15:55:54.000;ISU_UCHEB;2011-11-08 15:55:54.000;План обучения студентов первого курса;1
1428;3;"2002/2003";703;102;125;4;1;;2002-03-01 00:00:00.000;;871;;;;;;ISU_UCHEB;2011-11-08 15:55:54.000;ISU_UCHEB;2011-11-08 15:55:54.000;;1
1429;3;"2002/2003";703;102;134;4;1;;2002-03-01 00:00:00.000;;871;;;;;;ISU_UCHEB;2011-11-08 15:55:54.000;ISU_UCHEB;2011-11-08 15:55:54.000;;1
1432;3;"2002/2003";703;102;125;5;1;;2002-03-01 00:00:00.000;;872;;;;;;ISU_UCHEB;2011-11-08 15:55:54.000;ISU_UCHEB;2011-11-08 15:55:54.000;;1
1433;3;"2002/2003";703;102;134;5;1;;2002-03-01 00:00:00.000;;873;;;;;;ISU_UCHEB;2011-11-08 15:55:54.000;ISU_UCHEB;2011-11-08 15:55:54.000;;1
1435;3;"2002/2003";703;102;700;2;1;;2002-03-01 00:00:00.000;;813;;;;;;ISU_UCHEB;2011-11-08 15:55:54.000;ISU_UCHEB;2011-11-08 15:55:54.000;;1
1436;3;"2002/2003";703;102;700;3;1;;2002-03-01 00:00:00.000;;870;;;;;;ISU_UCHEB;2011-11-08 15:55:54.000;ISU_UCHEB;2011-11-08 15:55:54.000;;1
1437;3;"2002/2003";703;102;134;6;1;;2002-03-01 00:00:00.000;;876;;;;;;ISU_UCHEB;2011-11-08 15:55:54.000;ISU_UCHEB;2011-11-08 15:55:54.000;;1
1447;3;"2002/2003";703;102;1047;5;1;;2002-03-01 00:00:00.000;;947;;;;;;ISU_UCHEB;2011-11-08 15:55:54.000;ISU_UCHEB;2011-11-08 15:55:54.000;;1
1453;3;"2002/2003";703;111;792;1;1;;2002-03-01 00:00:00.000;17;;;25;;;;ISU_UCHEB;2011-11-08 15:55:54.000;ISU_UCHEB;2011-11-08 15:55:54.000;План обучения студентов первого курса;1
1455;3;"2002/2003";703;102;144;5;1;;2002-03-01 00:00:00.000;;;;9;;;;ISU_UCHEB;2011-11-08 15:55:54.000;ISU_UCHEB;2011-11-08 15:55:54.000;План магистров первого года обучения;1
1456;3;"2002/2003";703;102;145;5;1;;2002-03-01 00:00:00.000;;;;14;;;;ISU_UCHEB;2011-11-08 15:55:54.000;ISU_UCHEB;2011-11-08 15:55:54.000;План магистров первого года обучения;1
1458;3;"2002/2003";703;102;144;6;1;;2002-03-01 00:00:00.000;;878;;;;;;ISU_UCHEB;2011-11-08 15:55:54.000;ISU_UCHEB;2011-11-08 15:55:54.000;;1
1460;3;"2002/2003";703;111;187;5;1;;2002-03-01 00:00:00.000;;957;;;;;;ISU_UCHEB;2011-11-08 15:55:54.000;ISU_UCHEB;2011-11-08 15:55:54.000;;1
2298;3;"2004/2005";712;102;113;5;2;;2004-03-01 00:00:00.000;;1948;;;;;;ISU_UCHEB;2011-11-08 15:55:54.000;ISU_UCHEB;2011-11-08 15:55:54.000;;1
3711;3;"2006/2007";703;102;2700;1;1;;2006-03-01 00:00:00.000;27;;;50;;;;ISU_UCHEB;2011-11-08 15:55:54.000;ISU_UCHEB;2011-11-08 15:55:54.000;План обучения студентов первого курса;1
3712;3;"2006/2007";703;102;2700;2;1;;2006-03-01 00:00:00.000;;2837;;;;;;ISU_UCHEB;2011-11-08 15:55:54.000;ISU_UCHEB;2011-11-08 15:55:54.000;;1
3713;3;"2006/2007";703;102;2904;1;1;;2006-03-01 00:00:00.000;5;;;14;;;;ISU_UCHEB;2011-11-08 15:55:54.000;ISU_UCHEB;2011-11-08 15:55:54.000;План обучения студентов первого курса;1
3714;3;"2006/2007";703;102;2904;2;1;;2006-03-01 00:00:00.000;;;;;;;;ISU_UCHEB;2011-11-08 15:55:54.000;ISU_UCHEB;2011-11-08 15:55:54.000;Нет студентов;1
3715;3;"2006/2007";703;102;2904;3;1;;2006-03-01 00:00:00.000;;;;;;;;ISU_UCHEB;2011-11-08 15:55:54.000;ISU_UCHEB;2011-11-08 15:55:54.000;Нет студентов;1
3716;3;"2006/2007";703;102;2700;3;1;;2006-03-01 00:00:00.000;;2839;;;;;;ISU_UCHEB;2011-11-08 15:55:54.000;ISU_UCHEB;2011-11-08 15:55:54.000;;1
3717;3;"2006/2007";703;102;2904;4;1;;2006-03-01 00:00:00.000;;2840;;;;;;ISU_UCHEB;2011-11-08 15:55:54.000;ISU_UCHEB;2011-11-08 15:55:54.000;;1
3718;3;"2006/2007";703;102;2700;4;1;;2006-03-01 00:00:00.000;;2840;;;;;;ISU_UCHEB;2011-11-08 15:55:54.000;ISU_UCHEB;2011-11-08 15:55:54.000;;1
3719;3;"2006/2007";703;102;3251;5;1;;2006-03-01 00:00:00.000;;2842;;;;;;ISU_UCHEB;2011-11-08 15:55:54.000;ISU_UCHEB;2011-11-08 15:55:54.000;;1
3720;3;"2006/2007";703;102;3250;5;1;;2006-03-01 00:00:00.000;;2842;;;;;;ISU_UCHEB;2011-11-08 15:55:54.000;ISU_UCHEB;2011-11-08 15:55:54.000;;1
3721;3;"2006/2007";703;102;3249;5;1;;2006-03-01 00:00:00.000;;2842;;;;;;ISU_UCHEB;2011-11-08 15:55:54.000;ISU_UCHEB;2011-11-08 15:55:54.000;;1
3722;3;"2006/2007";703;102;3257;5;1;;2006-03-01 00:00:00.000;;;;;;;;ISU_UCHEB;2011-11-08 15:55:54.000;ISU_UCHEB;2011-11-08 15:55:54.000;План магистров первого года обучения;1
3723;3;"2006/2007";703;102;3258;5;1;;2006-03-01 00:00:00.000;;;;;;;;ISU_UCHEB;2011-11-08 15:55:54.000;ISU_UCHEB;2011-11-08 15:55:54.000;План магистров первого года обучения;1
3724;3;"2006/2007";703;102;3259;5;1;;2006-03-01 00:00:00.000;;;;;;;;ISU_UCHEB;2011-11-08 15:55:54.000;ISU_UCHEB;2011-11-08 15:55:54.000;План магистров первого года обучения;1
3725;3;"2006/2007";703;102;3257;6;1;;2006-03-01 00:00:00.000;;2844;;;;;;ISU_UCHEB;2011-11-08 15:55:54.000;ISU_UCHEB;2011-11-08 15:55:54.000;;1
3726;3;"2006/2007";703;102;3258;6;1;;2006-03-01 00:00:00.000;;2845;;;;;;ISU_UCHEB;2011-11-08 15:55:54.000;ISU_UCHEB;2011-11-08 15:55:54.000;;1
3727;3;"2006/2007";703;102;3259;6;1;;2006-03-01 00:00:00.000;;2846;;;;;;ISU_UCHEB;2011-11-08 15:55:54.000;ISU_UCHEB;2011-11-08 15:55:54.000;;1
3728;3;"2006/2007";703;102;3251;6;1;;2006-03-01 00:00:00.000;;3021;;;;;;ISU_UCHEB;2011-11-08 15:55:54.000;ISU_UCHEB;2011-11-08 15:55:54.000;;1
3729;3;"2006/2007";703;102;3250;6;1;;2006-03-01 00:00:00.000;;3023;;;;;;ISU_UCHEB;2011-11-08 15:55:54.000;ISU_UCHEB;2011-11-08 15:55:54.000;;1
3731;3;"2006/2007";703;102;3249;6;1;;2006-03-01 00:00:00.000;;3022;;;;;;ISU_UCHEB;2011-11-08 15:55:54.000;ISU_UCHEB;2011-11-08 15:55:54.000;;1
3732;3;"2006/2007";703;111;2792;1;1;;2006-03-01 00:00:00.000;10;;;20;;;;ISU_UCHEB;2011-11-08 15:55:54.000;ISU_UCHEB;2011-11-08 15:55:54.000;План обучения студентов первого курса;1
3733;3;"2006/2007";703;111;2792;2;1;;2006-03-01 00:00:00.000;;2847;;;;;;ISU_UCHEB;2011-11-08 15:55:54.000;ISU_UCHEB;2011-11-08 15:55:54.000;;1
3734;3;"2006/2007";703;111;2792;3;1;;2006-03-01 00:00:00.000;;2848;;;;;;ISU_UCHEB;2011-11-08 15:55:54.000;ISU_UCHEB;2011-11-08 15:55:54.000;;1
3735;3;"2006/2007";703;111;2792;4;1;;2006-03-01 00:00:00.000;;2849;;;;;;ISU_UCHEB;2011-11-08 15:55:54.000;ISU_UCHEB;2011-11-08 15:55:54.000;;1
3736;3;"2006/2007";703;111;2792;5;1;;2006-03-01 00:00:00.000;;2850;;;;;;ISU_UCHEB;2011-11-08 15:55:54.000;ISU_UCHEB;2011-11-08 15:55:54.000;;1
3737;3;"2006/2007";703;111;2792;6;1;;2006-03-01 00:00:00.000;;2851;;;;;;ISU_UCHEB;2011-11-08 15:55:54.000;ISU_UCHEB;2011-11-08 15:55:54.000;;1
3793;3;"2006/2007";717;212;2767;1;1;;2006-03-01 00:00:00.000;;;;40;;;;ISU_UCHEB;2011-11-08 15:55:54.000;ISU_UCHEB;2011-11-08 15:55:54.000;План обучения студентов первого курса;1
3794;3;"2006/2007";717;212;2767;2;1;;2006-03-01 00:00:00.000;;3097;;;;;;ISU_UCHEB;2011-11-08 15:55:54.000;ISU_UCHEB;2011-11-08 15:55:54.000;;1
3795;3;"2006/2007";717;212;2767;3;1;;2006-03-01 00:00:00.000;;3098;;;;;;ISU_UCHEB;2011-11-08 15:55:54.000;ISU_UCHEB;2011-11-08 15:55:54.000;;1
3796;3;"2006/2007";717;212;2767;4;1;;2006-03-01 00:00:00.000;;3099;;;;;;ISU_UCHEB;2011-11-08 15:55:54.000;ISU_UCHEB;2011-11-08 15:55:54.000;;1
3797;3;"2006/2007";717;212;2020;5;1;;2006-03-01 00:00:00.000;;;;;;;;ISU_UCHEB;2011-11-08 15:55:54.000;ISU_UCHEB;2011-11-08 15:55:54.000;План магистров первого года обучения;1
3799;3;"2006/2007";717;212;2020;6;1;;2006-03-01 00:00:00.000;;3101;;;;;;ISU_UCHEB;2011-11-08 15:55:54.000;ISU_UCHEB;2011-11-08 15:55:54.000;;1
5185;3;"2008/2009";703;118;3243;3;1;;2008-03-01 00:00:00.000;;4161;;;;;;ISU_UCHEB;2011-11-08 15:55:54.000;ISU_UCHEB;2011-11-08 15:55:54.000;;1
5187;3;"2008/2009";703;118;3243;4;1;;2008-03-01 00:00:00.000;;4163;;;;;;ISU_UCHEB;2011-11-08 15:55:54.000;ISU_UCHEB;2011-11-08 15:55:54.000;;1
4470;5;"2007/2008";717;212;2020;6;1;;2007-03-01 00:00:00.000;;3797;;;;;;ISU_UCHEB;2011-11-08 15:55:54.000;ISU_UCHEB;2011-11-08 15:55:54.000;;1
4496;3;"2007/2008";703;102;2700;1;1;;2007-03-01 00:00:00.000;21;;;50;;;;ISU_UCHEB;2011-11-08 15:55:54.000;ISU_UCHEB;2011-11-08 15:55:54.000;План обучения студентов первого курса;1
4497;3;"2007/2008";703;102;2700;2;1;;2007-03-01 00:00:00.000;;3711;;;;;;ISU_UCHEB;2011-11-08 15:55:54.000;ISU_UCHEB;2011-11-08 15:55:54.000;;1
4498;3;"2007/2008";703;102;2904;1;1;;2007-03-01 00:00:00.000;;;;25;;;;ISU_UCHEB;2011-11-08 15:55:54.000;ISU_UCHEB;2011-11-08 15:55:54.000;План обучения студентов первого курса;1
4499;3;"2007/2008";703;102;2904;2;1;;2007-03-01 00:00:00.000;;3713;;;;;;ISU_UCHEB;2011-11-08 15:55:54.000;ISU_UCHEB;2011-11-08 15:55:54.000;Нет студентов;1
3907;5;"2005/2006";717;212;2767;4;1;;2005-03-01 00:00:00.000;;3100;;;;;;ISU_UCHEB;2011-11-08 15:55:54.000;ISU_UCHEB;2011-11-08 15:55:54.000;;2
1498;3;"2002/2003";703;111;792;2;1;;2002-03-01 00:00:00.000;;962;;;;;;ISU_UCHEB;2011-11-08 15:55:54.000;ISU_UCHEB;2011-11-08 15:55:54.000;;1
1540;3;"2002/2003";703;111;792;3;1;;2002-03-01 00:00:00.000;;998;;;;;;ISU_UCHEB;2011-11-08 15:55:54.000;ISU_UCHEB;2011-11-08 15:55:54.000;;1
1541;3;"2002/2003";712;102;113;3;2;;2002-03-01 00:00:00.000;;1080;;;;;;ISU_UCHEB;2011-11-08 15:55:54.000;ISU_UCHEB;2011-11-08 15:55:54.000;;1
1542;3;"2002/2003";712;102;113;4;2;;2002-03-01 00:00:00.000;;1043;;;;;;ISU_UCHEB;2011-11-08 15:55:54.000;ISU_UCHEB;2011-11-08 15:55:54.000;;1
1543;3;"2002/2003";712;102;113;5;2;;2002-03-01 00:00:00.000;;1097;;;;;;ISU_UCHEB;2011-11-08 15:55:54.000;ISU_UCHEB;2011-11-08 15:55:54.000;;1
3906;5;"2005/2006";717;212;2767;4;1;;2005-03-01 00:00:00.000;;3100;;;;;;ISU_UCHEB;2011-11-08 15:55:54.000;ISU_UCHEB;2011-11-08 15:55:54.000;;1
3910;3;"2005/2006";703;111;2904;4;1;;2005-03-01 00:00:00.000;;2850;;;;;;ISU_UCHEB;2011-11-08 15:55:54.000;ISU_UCHEB;2011-11-08 15:55:54.000;;1
4026;3;"2006/2007";712;102;113;5;2;;2006-03-01 00:00:00.000;;3335;;;;;;ISU_UCHEB;2011-11-08 15:55:54.000;ISU_UCHEB;2011-11-08 15:55:54.000;;1
4030;5;"2006/2007";717;212;2020;5;1;;2006-03-01 00:00:00.000;;3797;;;;;;ISU_UCHEB;2011-11-08 15:55:54.000;ISU_UCHEB;2011-11-08 15:55:54.000;;1
3870;3;"2006/2007";703;118;3243;1;1;;2006-03-01 00:00:00.000;;;;20;;;;ISU_UCHEB;2011-11-08 15:55:54.000;ISU_UCHEB;2011-11-08 15:55:54.000;План обучения студентов первого курса;1
3872;3;"2006/2007";703;118;3243;2;1;;2006-03-01 00:00:00.000;;2818;;;;;;ISU_UCHEB;2011-11-08 15:55:54.000;ISU_UCHEB;2011-11-08 15:55:54.000;;1
3874;3;"2006/2007";703;118;3243;3;1;;2006-03-01 00:00:00.000;;2820;;;;;;ISU_UCHEB;2011-11-08 15:55:54.000;ISU_UCHEB;2011-11-08 15:55:54.000;;1
3876;3;"2006/2007";703;118;3243;4;1;;2006-03-01 00:00:00.000;;2822;;;;;;ISU_UCHEB;2011-11-08 15:55:54.000;ISU_UCHEB;2011-11-08 15:55:54.000;;1
4504;3;"2007/2008";703;102;3251;5;1;;2007-03-01 00:00:00.000;;3718;;;;;;ISU_UCHEB;2011-11-08 15:55:54.000;ISU_UCHEB;2011-11-08 15:55:54.000;;1
4505;3;"2007/2008";703;102;3250;5;1;;2007-03-01 00:00:00.000;;3718;;;;;;ISU_UCHEB;2011-11-08 15:55:54.000;ISU_UCHEB;2011-11-08 15:55:54.000;;1
4506;3;"2007/2008";703;102;3249;5;1;;2007-03-01 00:00:00.000;;3718;;;;;;ISU_UCHEB;2011-11-08 15:55:54.000;ISU_UCHEB;2011-11-08 15:55:54.000;;1
4507;3;"2007/2008";703;102;3257;5;1;;2007-03-01 00:00:00.000;;;;;;;;ISU_UCHEB;2011-11-08 15:55:54.000;ISU_UCHEB;2011-11-08 15:55:54.000;План магистров первого года обучения;1
4510;3;"2007/2008";703;102;3257;6;1;;2007-03-01 00:00:00.000;;3722;;;;;;ISU_UCHEB;2011-11-08 15:55:54.000;ISU_UCHEB;2011-11-08 15:55:54.000;;1
4511;3;"2007/2008";703;102;3258;6;1;;2007-03-01 00:00:00.000;;3723;;;;;;ISU_UCHEB;2011-11-08 15:55:54.000;ISU_UCHEB;2011-11-08 15:55:54.000;;1
4512;3;"2007/2008";703;102;3259;6;1;;2007-03-01 00:00:00.000;;3724;;;;;;ISU_UCHEB;2011-11-08 15:55:54.000;ISU_UCHEB;2011-11-08 15:55:54.000;;1
4513;3;"2007/2008";703;102;3251;6;1;;2007-03-01 00:00:00.000;;3719;;;;;;ISU_UCHEB;2011-11-08 15:55:54.000;ISU_UCHEB;2011-11-08 15:55:54.000;;1
4514;3;"2007/2008";703;102;3250;6;1;;2007-03-01 00:00:00.000;;3720;;;;;;ISU_UCHEB;2011-11-08 15:55:54.000;ISU_UCHEB;2011-11-08 15:55:54.000;;1
4515;3;"2007/2008";703;102;3249;6;1;;2007-03-01 00:00:00.000;;3721;;;;;;ISU_UCHEB;2011-11-08 15:55:54.000;ISU_UCHEB;2011-11-08 15:55:54.000;;1
4516;3;"2007/2008";703;111;2792;1;1;;2007-03-01 00:00:00.000;3;;;25;;;;ISU_UCHEB;2011-11-08 15:55:54.000;ISU_UCHEB;2011-11-08 15:55:54.000;План обучения студентов первого курса;1
4517;3;"2007/2008";703;111;2792;2;1;;2007-03-01 00:00:00.000;;3732;;;;;;ISU_UCHEB;2011-11-08 15:55:54.000;ISU_UCHEB;2011-11-08 15:55:54.000;;1
4518;3;"2007/2008";703;111;2792;3;1;;2007-03-01 00:00:00.000;;3733;;;;;;ISU_UCHEB;2011-11-08 15:55:54.000;ISU_UCHEB;2011-11-08 15:55:54.000;;1
4519;3;"2007/2008";703;111;2792;4;1;;2007-03-01 00:00:00.000;;3734;;;;;;ISU_UCHEB;2011-11-08 15:55:54.000;ISU_UCHEB;2011-11-08 15:55:54.000;;1
4520;3;"2007/2008";703;111;2792;5;1;;2007-03-01 00:00:00.000;;3735;;;;;;ISU_UCHEB;2011-11-08 15:55:54.000;ISU_UCHEB;2011-11-08 15:55:54.000;;1
4521;3;"2007/2008";703;111;2792;6;1;;2007-03-01 00:00:00.000;;3736;;;;;;ISU_UCHEB;2011-11-08 15:55:54.000;ISU_UCHEB;2011-11-08 15:55:54.000;;1
505;3;"1999/2000";703;111;187;6;1;;1999-05-24 00:00:00.000;;94;;;;;;ISU_UCHEB;2011-11-08 15:55:54.000;ISU_UCHEB;2011-11-08 15:55:54.000;;1
5548;3;"2008/2009";703;102;3499;5;1;;2008-03-01 00:00:00.000;;;;;;;;ISU_UCHEB;2011-11-08 15:55:54.000;ISU_UCHEB;2011-11-08 15:55:54.000;План магистров первого года обучения;1
166;3;"1998/1999";703;212;64;5;1;;1998-05-24 00:00:00.000;;;;;;;;ISU_UCHEB;2011-11-08 15:55:54.000;ISU_UCHEB;2011-11-08 15:55:54.000;План магистров первого года обучения;1
305;3;"1999/2000";703;102;145;5;1;;1999-05-24 00:00:00.000;;;;;;;;ISU_UCHEB;2011-11-08 15:55:54.000;ISU_UCHEB;2011-11-08 15:55:54.000;План магистров первого года обучения;1
308;3;"1999/2000";703;102;145;6;1;;1999-05-24 00:00:00.000;;45;;;;;;ISU_UCHEB;2011-11-08 15:55:54.000;ISU_UCHEB;2011-11-08 15:55:54.000;;1
1120;3;"2001/2002";703;111;144;5;1;;2001-05-24 00:00:00.000;;;;;;;;ISU_UCHEB;2011-11-08 15:55:54.000;ISU_UCHEB;2011-11-08 15:55:54.000;План магистров первого года обучения;1
6383;3;"2010/2011";703;102;2700;5;1;;2010-03-01 00:00:00.000;;5619;;;;;;ISU_UCHEB;2011-11-08 15:55:54.000;ISU_UCHEB;2011-11-08 15:55:54.000;;1
6384;3;"2010/2011";703;111;2904;1;1;;2010-03-01 00:00:00.000;5;;;12;;;;ISU_UCHEB;2011-11-08 15:55:54.000;ISU_UCHEB;2011-11-08 15:55:54.000;План обучения студентов первого курса;1
6385;3;"2010/2011";703;111;2700;1;1;;2010-03-01 00:00:00.000;4;;;12;;;;ISU_UCHEB;2011-11-08 15:55:54.000;ISU_UCHEB;2011-11-08 15:55:54.000;План обучения студентов первого курса;1
5256;3;"2008/2009";717;212;2767;3;1;;2008-03-01 00:00:00.000;;4328;;;;;;ISU_UCHEB;2011-11-08 15:55:54.000;ISU_UCHEB;2011-11-08 15:55:54.000;;1
5257;3;"2008/2009";717;212;2767;4;1;;2008-03-01 00:00:00.000;;4329;;;;;;ISU_UCHEB;2011-11-08 15:55:54.000;ISU_UCHEB;2011-11-08 15:55:54.000;;1
5264;3;"2008/2009";712;102;2700;4;2;;2008-03-01 00:00:00.000;;;;;;;;ISU_UCHEB;2011-11-08 15:55:54.000;ISU_UCHEB;2011-11-08 15:55:54.000;;1
5549;3;"2008/2009";703;102;3500;5;1;;2008-03-01 00:00:00.000;;;;;;;;ISU_UCHEB;2011-11-08 15:55:54.000;ISU_UCHEB;2011-11-08 15:55:54.000;План магистров первого года обучения;1
870;3;"2001/2002";703;102;700;2;1;;2001-05-24 00:00:00.000;;600;;;;;;ISU_UCHEB;2011-11-08 15:55:54.000;ISU_UCHEB;2011-11-08 15:55:54.000;;1
872;3;"2001/2002";703;102;125;4;1;;2001-05-24 00:00:00.000;;603;;;;;;ISU_UCHEB;2011-11-08 15:55:54.000;ISU_UCHEB;2011-11-08 15:55:54.000;;1
873;3;"2001/2002";703;102;134;4;1;;2001-05-24 00:00:00.000;;603;;;;;;ISU_UCHEB;2011-11-08 15:55:54.000;ISU_UCHEB;2011-11-08 15:55:54.000;;1
874;3;"2001/2002";703;102;125;5;1;;2001-05-24 00:00:00.000;;605;;;;;;ISU_UCHEB;2011-11-08 15:55:54.000;ISU_UCHEB;2011-11-08 15:55:54.000;;1
771;3;"2000/2001";712;102;113;2;2;;2000-05-24 00:00:00.000;;412;;;;;;ISU_UCHEB;2011-11-08 15:55:54.000;ISU_UCHEB;2011-11-08 15:55:54.000;;1
772;3;"2000/2001";712;102;113;3;2;;2000-05-24 00:00:00.000;;424;;;;;;ISU_UCHEB;2011-11-08 15:55:54.000;ISU_UCHEB;2011-11-08 15:55:54.000;;1
774;3;"2000/2001";712;102;113;5;2;;2000-05-24 00:00:00.000;;442;;;;;;ISU_UCHEB;2011-11-08 15:55:54.000;ISU_UCHEB;2011-11-08 15:55:54.000;;1
612;3;"2000/2001";703;102;144;5;1;;2000-05-24 00:00:00.000;;;;;;;;ISU_UCHEB;2011-11-08 15:55:54.000;ISU_UCHEB;2011-11-08 15:55:54.000;План магистров первого года обучения;1
613;3;"2000/2001";703;102;145;5;1;;2000-05-24 00:00:00.000;;;;;;;;ISU_UCHEB;2011-11-08 15:55:54.000;ISU_UCHEB;2011-11-08 15:55:54.000;План магистров первого года обучения;1
615;3;"2000/2001";703;102;144;6;1;;2000-05-24 00:00:00.000;;304;;;;;;ISU_UCHEB;2011-11-08 15:55:54.000;ISU_UCHEB;2011-11-08 15:55:54.000;;1
692;3;"2000/2001";703;111;792;1;1;;2000-05-24 00:00:00.000;;;;;;;;ISU_UCHEB;2011-11-08 15:55:54.000;ISU_UCHEB;2011-11-08 15:55:54.000;План обучения студентов первого курса;1
773;3;"2000/2001";712;102;113;4;2;;2000-05-24 00:00:00.000;;436;;;;;;ISU_UCHEB;2011-11-08 15:55:54.000;ISU_UCHEB;2011-11-08 15:55:54.000;;1
877;3;"2001/2002";703;102;143;5;1;;2001-05-24 00:00:00.000;;;;7;;;;ISU_UCHEB;2011-11-08 15:55:54.000;ISU_UCHEB;2011-11-08 15:55:54.000;План магистров первого года обучения;1
878;3;"2001/2002";703;102;144;5;1;;2001-05-24 00:00:00.000;;;;7;;;;ISU_UCHEB;2011-11-08 15:55:54.000;ISU_UCHEB;2011-11-08 15:55:54.000;План магистров первого года обучения;1
988;3;"2001/2002";717;212;64;6;1;;2001-05-24 00:00:00.000;;670;;;;;;ISU_UCHEB;2011-11-08 15:55:54.000;ISU_UCHEB;2011-11-08 15:55:54.000;;1
43;3;"1998/1999";703;102;143;5;1;;1998-05-24 00:00:00.000;;;;;;;;ISU_UCHEB;2011-11-08 15:55:54.000;ISU_UCHEB;2011-11-08 15:55:54.000;План магистров первого года обучения;1
45;3;"1998/1999";703;102;145;5;1;;1998-05-24 00:00:00.000;;;;;;;;ISU_UCHEB;2011-11-08 15:55:54.000;ISU_UCHEB;2011-11-08 15:55:54.000;План магистров первого года обучения;1
1454;3;"2002/2003";703;102;143;5;1;;2002-03-01 00:00:00.000;;;;9;;;;ISU_UCHEB;2011-11-08 15:55:54.000;ISU_UCHEB;2011-11-08 15:55:54.000;План магистров первого года обучения;1
1457;3;"2002/2003";703;102;143;6;1;;2002-03-01 00:00:00.000;;877;;;;;;ISU_UCHEB;2011-11-08 15:55:54.000;ISU_UCHEB;2011-11-08 15:55:54.000;;1
1459;3;"2002/2003";703;102;145;6;1;;2002-03-01 00:00:00.000;;879;;;;;;ISU_UCHEB;2011-11-08 15:55:54.000;ISU_UCHEB;2011-11-08 15:55:54.000;;1
21;3;"1998/1999";712;102;113;3;2;;1998-05-24 00:00:00.000;;;;;;;;ISU_UCHEB;2011-11-08 15:55:54.000;ISU_UCHEB;2011-11-08 15:55:54.000;Первый существующий в цепочке план;1
1462;3;"2002/2003";703;111;187;4;1;;2002-03-01 00:00:00.000;;997;;;;;;ISU_UCHEB;2011-11-08 15:55:54.000;ISU_UCHEB;2011-11-08 15:55:54.000;;1
4654;3;"2006/2007";717;212;2020;5;1;;2006-03-01 00:00:00.000;;;;;;;;ISU_UCHEB;2011-11-08 15:55:54.000;ISU_UCHEB;2011-11-08 15:55:54.000;;2
4655;5;"2006/2007";717;212;2020;5;1;;2006-03-01 00:00:00.000;;;;;;;;ISU_UCHEB;2011-11-08 15:55:54.000;ISU_UCHEB;2011-11-08 15:55:54.000;;2
5287;3;"2008/2009";703;111;2792;3;1;;2008-03-01 00:00:00.000;;4517;;;;;;ISU_UCHEB;2011-11-08 15:55:54.000;ISU_UCHEB;2011-11-08 15:55:54.000;;1
5288;3;"2008/2009";703;111;2792;4;1;;2008-03-01 00:00:00.000;;4518;;;;;;ISU_UCHEB;2011-11-08 15:55:54.000;ISU_UCHEB;2011-11-08 15:55:54.000;;1
5378;3;"2008/2009";703;111;2700;2;1;;2008-03-01 00:00:00.000;;4516;;;;;;ISU_UCHEB;2011-11-08 15:55:54.000;ISU_UCHEB;2011-11-08 15:55:54.000;;1
5300;3;"2008/2009";703;111;2904;4;1;;2008-03-01 00:00:00.000;;4518;;;;;;ISU_UCHEB;2011-11-08 15:55:54.000;ISU_UCHEB;2011-11-08 15:55:54.000;;1
5373;3;"2008/2009";703;102;2904;2;1;;2008-03-01 00:00:00.000;;4498;;;;;;ISU_UCHEB;2011-11-08 15:55:54.000;ISU_UCHEB;2011-11-08 15:55:54.000;;1
5377;3;"2008/2009";703;111;2700;1;1;;2008-03-01 00:00:00.000;;;;10;;;;ISU_UCHEB;2011-11-08 15:55:54.000;ISU_UCHEB;2011-11-08 15:55:54.000;;1
5380;3;"2008/2009";717;212;3519;5;1;;2008-03-01 00:00:00.000;;;;;;;;ISU_UCHEB;2011-11-08 15:55:54.000;ISU_UCHEB;2011-11-08 15:55:54.000;План магистров первого года обучения;1
5381;3;"2008/2009";717;212;2020;6;1;;2008-03-01 00:00:00.000;;4331;;;;;;ISU_UCHEB;2011-11-08 15:55:54.000;ISU_UCHEB;2011-11-08 15:55:54.000;;1
1035;3;"2001/2002";717;212;767;2;1;;2001-05-24 00:00:00.000;;667;;;;;;ISU_UCHEB;2011-11-08 15:55:54.000;ISU_UCHEB;2011-11-08 15:55:54.000;;1
1036;3;"2001/2002";717;212;262;3;1;;2001-05-24 00:00:00.000;;666;;;;;;ISU_UCHEB;2011-11-08 15:55:54.000;ISU_UCHEB;2011-11-08 15:55:54.000;;1
1037;3;"2001/2002";717;212;262;4;1;;2001-05-24 00:00:00.000;;668;;;;;;ISU_UCHEB;2011-11-08 15:55:54.000;ISU_UCHEB;2011-11-08 15:55:54.000;;1
1038;3;"2001/2002";717;212;64;5;1;;2001-05-24 00:00:00.000;;;;;;;;ISU_UCHEB;2011-11-08 15:55:54.000;ISU_UCHEB;2011-11-08 15:55:54.000;План магистров первого года обучения;1
1039;3;"2001/2002";717;212;1139;2;1;;2001-05-24 00:00:00.000;;804;;;;;;ISU_UCHEB;2011-11-08 15:55:54.000;ISU_UCHEB;2011-11-08 15:55:54.000;;1
1043;3;"2001/2002";712;102;113;3;2;;2001-05-24 00:00:00.000;;771;;;;;;ISU_UCHEB;2011-11-08 15:55:54.000;ISU_UCHEB;2011-11-08 15:55:54.000;;1
1047;3;"2001/2002";712;102;113;5;2;;2001-05-24 00:00:00.000;;773;;;;;;ISU_UCHEB;2011-11-08 15:55:54.000;ISU_UCHEB;2011-11-08 15:55:54.000;;1
4500;3;"2007/2008";703;102;2904;3;1;;2007-03-01 00:00:00.000;16;;;;;;;ISU_UCHEB;2011-11-08 15:55:54.000;ISU_UCHEB;2011-11-08 15:55:54.000;Нет студентов;1
4501;3;"2007/2008";703;102;2700;3;1;;2007-03-01 00:00:00.000;;3712;;;;;;ISU_UCHEB;2011-11-08 15:55:54.000;ISU_UCHEB;2011-11-08 15:55:54.000;;1
4502;3;"2007/2008";703;102;2904;4;1;;2007-03-01 00:00:00.000;;3716;;;;;;ISU_UCHEB;2011-11-08 15:55:54.000;ISU_UCHEB;2011-11-08 15:55:54.000;;1
4503;3;"2007/2008";703;102;2700;4;1;;2007-03-01 00:00:00.000;;3716;;;;;;ISU_UCHEB;2011-11-08 15:55:54.000;ISU_UCHEB;2011-11-08 15:55:54.000;;1
442;3;"1999/2000";712;102;113;4;2;;1999-05-24 00:00:00.000;;21;;;;;;ISU_UCHEB;2011-11-08 15:55:54.000;ISU_UCHEB;2011-11-08 15:55:54.000;;1
446;3;"1999/2000";712;102;113;5;2;;1999-05-24 00:00:00.000;;22;;;;;;ISU_UCHEB;2011-11-08 15:55:54.000;ISU_UCHEB;2011-11-08 15:55:54.000;;1
600;3;"2000/2001";703;102;700;1;1;;2000-05-24 00:00:00.000;;;;;;;;ISU_UCHEB;2011-11-08 15:55:54.000;ISU_UCHEB;2011-11-08 15:55:54.000;План обучения студентов первого курса;1
601;3;"2000/2001";703;102;113;2;1;;2000-05-24 00:00:00.000;;272;;;;;;ISU_UCHEB;2011-11-08 15:55:54.000;ISU_UCHEB;2011-11-08 15:55:54.000;;1
602;3;"2000/2001";703;111;187;2;1;;2000-05-24 00:00:00.000;;273;;;;;;ISU_UCHEB;2011-11-08 15:55:54.000;ISU_UCHEB;2011-11-08 15:55:54.000;;1
603;3;"2000/2001";703;102;113;3;1;;2000-05-24 00:00:00.000;;274;;;;;;ISU_UCHEB;2011-11-08 15:55:54.000;ISU_UCHEB;2011-11-08 15:55:54.000;;1
604;3;"2000/2001";703;111;187;3;1;;2000-05-24 00:00:00.000;;275;;;;;;ISU_UCHEB;2011-11-08 15:55:54.000;ISU_UCHEB;2011-11-08 15:55:54.000;;1
605;3;"2000/2001";703;102;125;4;1;;2000-05-24 00:00:00.000;;276;;;;;;ISU_UCHEB;2011-11-08 15:55:54.000;ISU_UCHEB;2011-11-08 15:55:54.000;;1
606;3;"2000/2001";703;111;187;4;1;;2000-05-24 00:00:00.000;;279;;;;;;ISU_UCHEB;2011-11-08 15:55:54.000;ISU_UCHEB;2011-11-08 15:55:54.000;;1
412;3;"1999/2000";712;102;113;1;2;;1999-05-24 00:00:00.000;;;;;;;;ISU_UCHEB;2011-11-08 15:55:54.000;ISU_UCHEB;2011-11-08 15:55:54.000;План обучения студентов первого курса;1
84;3;"1996/1997";703;111;113;2;1;;1996-05-24 00:00:00.000;;;;;;;;ISU_UCHEB;2011-11-08 15:55:54.000;ISU_UCHEB;2011-11-08 15:55:54.000;Первый существующий в цепочке план;1
164;3;"1998/1999";703;212;262;3;1;;1998-05-24 00:00:00.000;;;;;;;;ISU_UCHEB;2011-11-08 15:55:54.000;ISU_UCHEB;2011-11-08 15:55:54.000;Первый существующий в цепочке план;1
1612;5;"2002/2003";703;102;144;5;1;;2002-03-01 00:00:00.000;;;;;;;;ISU_UCHEB;2011-11-08 15:55:54.000;ISU_UCHEB;2011-11-08 15:55:54.000;;1
1611;5;"2002/2003";703;102;143;5;1;;2002-03-01 00:00:00.000;;;;;;;;ISU_UCHEB;2011-11-08 15:55:54.000;ISU_UCHEB;2011-11-08 15:55:54.000;;1
1619;2;;703;102;904;;1;"4";2000-03-15 00:00:00.000;;;;;;;;ISU_UCHEB;2011-11-08 15:55:54.000;ISU_UCHEB;2011-11-08 15:55:54.000;;1
1620;2;;703;102;125;;1;"5.5";2000-03-15 00:00:00.000;;;;;;;;ISU_UCHEB;2011-11-08 15:55:54.000;ISU_UCHEB;2011-11-08 15:55:54.000;;1
1621;2;;703;102;134;;1;"5.5";2000-03-15 00:00:00.000;;;;;;;;ISU_UCHEB;2011-11-08 15:55:54.000;ISU_UCHEB;2011-11-08 15:55:54.000;;1
1635;3;"2003/2004";717;212;19;5;1;;2003-03-01 00:00:00.000;;;;28;;;;ISU_UCHEB;2011-11-08 15:55:54.000;ISU_UCHEB;2011-11-08 15:55:54.000;План магистров первого года обучения;1
1643;3;"2003/2004";703;111;187;5;1;;2003-03-01 00:00:00.000;;1462;;;;;;ISU_UCHEB;2011-11-08 15:55:54.000;ISU_UCHEB;2011-11-08 15:55:54.000;;1
1655;3;"2003/2004";703;102;125;5;1;;2003-03-01 00:00:00.000;;1428;;;;;;ISU_UCHEB;2011-11-08 15:55:54.000;ISU_UCHEB;2011-11-08 15:55:54.000;;1
1656;3;"2003/2004";703;102;134;5;1;;2003-03-01 00:00:00.000;;1429;;;;;;ISU_UCHEB;2011-11-08 15:55:54.000;ISU_UCHEB;2011-11-08 15:55:54.000;;1
1657;3;"2003/2004";703;102;1047;5;1;;2003-03-01 00:00:00.000;;1430;;;;;;ISU_UCHEB;2011-11-08 15:55:54.000;ISU_UCHEB;2011-11-08 15:55:54.000;;1
1658;3;"2003/2004";703;102;143;5;1;;2003-03-01 00:00:00.000;;;;7;;;;ISU_UCHEB;2011-11-08 15:55:54.000;ISU_UCHEB;2011-11-08 15:55:54.000;План магистров первого года обучения;1
1659;3;"2003/2004";703;102;144;5;1;;2003-03-01 00:00:00.000;;;;7;;;;ISU_UCHEB;2011-11-08 15:55:54.000;ISU_UCHEB;2011-11-08 15:55:54.000;План магистров первого года обучения;1
6435;3;"2010/2011";717;212;2767;4;1;;2010-03-01 00:00:00.000;;5678;;;;;;ISU_UCHEB;2011-11-08 15:55:54.000;ISU_UCHEB;2011-11-08 15:55:54.000;;1
1660;3;"2003/2004";703;102;145;5;1;;2003-03-01 00:00:00.000;;;;7;;;;ISU_UCHEB;2011-11-08 15:55:54.000;ISU_UCHEB;2011-11-08 15:55:54.000;План магистров первого года обучения;1
2727;3;"2004/2005";703;102;904;4;1;;2004-03-01 00:00:00.000;;2145;;;;;;ISU_UCHEB;2011-11-08 15:55:54.000;ISU_UCHEB;2011-11-08 15:55:54.000;;1
2728;3;"2004/2005";703;102;904;3;1;;2004-03-01 00:00:00.000;;2144;;;;;;ISU_UCHEB;2011-11-08 15:55:54.000;ISU_UCHEB;2011-11-08 15:55:54.000;;1
2767;5;"2004/2005";703;102;1259;5;1;;2004-03-01 00:00:00.000;;2359;;;;;;ISU_UCHEB;2011-11-08 15:55:54.000;ISU_UCHEB;2011-11-08 15:55:54.000;;1
2818;3;"2005/2006";703;118;3243;1;1;;2005-03-01 00:00:00.000;4;;;20;;;;ISU_UCHEB;2011-11-08 15:55:54.000;ISU_UCHEB;2011-11-08 15:55:54.000;;1
2820;3;"2005/2006";703;118;3243;2;1;;2005-03-01 00:00:00.000;;2196;;;;;;ISU_UCHEB;2011-11-08 15:55:54.000;ISU_UCHEB;2011-11-08 15:55:54.000;;1
2822;3;"2005/2006";703;118;3243;3;1;;2005-03-01 00:00:00.000;;2199;;;;;;ISU_UCHEB;2011-11-08 15:55:54.000;ISU_UCHEB;2011-11-08 15:55:54.000;;1
2837;3;"2005/2006";703;102;2700;1;1;;2005-03-01 00:00:00.000;36;;;50;;;;ISU_UCHEB;2011-11-08 15:55:54.000;ISU_UCHEB;2011-11-08 15:55:54.000;;1
2838;3;"2004/2005";703;111;904;4;1;;2004-03-01 00:00:00.000;;2157;;;;;;ISU_UCHEB;2011-11-08 15:55:54.000;ISU_UCHEB;2011-11-08 15:55:54.000;;1
2839;3;"2005/2006";703;102;2700;2;1;;2005-03-01 00:00:00.000;;2142;;;;;;ISU_UCHEB;2011-11-08 15:55:54.000;ISU_UCHEB;2011-11-08 15:55:54.000;;1
2840;3;"2005/2006";703;102;2700;3;1;;2005-03-01 00:00:00.000;;2143;;;;;;ISU_UCHEB;2011-11-08 15:55:54.000;ISU_UCHEB;2011-11-08 15:55:54.000;;1
2841;3;"2005/2006";703;102;2904;3;1;;2005-03-01 00:00:00.000;;;;;;;;ISU_UCHEB;2011-11-08 15:55:54.000;ISU_UCHEB;2011-11-08 15:55:54.000;;1
2842;3;"2005/2006";703;102;2700;4;1;;2005-03-01 00:00:00.000;;2144;;;;;;ISU_UCHEB;2011-11-08 15:55:54.000;ISU_UCHEB;2011-11-08 15:55:54.000;;1
2843;3;"2005/2006";703;102;2904;4;1;;2005-03-01 00:00:00.000;;2728;;;;;;ISU_UCHEB;2011-11-08 15:55:54.000;ISU_UCHEB;2011-11-08 15:55:54.000;;1
2844;3;"2005/2006";703;102;3257;5;1;;2005-03-01 00:00:00.000;;;;;;;;ISU_UCHEB;2011-11-08 15:55:54.000;ISU_UCHEB;2011-11-08 15:55:54.000;;1
2845;3;"2005/2006";703;102;3258;5;1;;2005-03-01 00:00:00.000;;;;;;;;ISU_UCHEB;2011-11-08 15:55:54.000;ISU_UCHEB;2011-11-08 15:55:54.000;;1
2846;3;"2005/2006";703;102;3259;5;1;;2005-03-01 00:00:00.000;;;;;;;;ISU_UCHEB;2011-11-08 15:55:54.000;ISU_UCHEB;2011-11-08 15:55:54.000;;1
4159;3;"2007/2008";703;118;3243;1;1;;2007-03-01 00:00:00.000;;;;20;;;;ISU_UCHEB;2011-11-08 15:55:54.000;ISU_UCHEB;2011-11-08 15:55:54.000;План обучения студентов первого курса;1
4161;3;"2007/2008";703;118;3243;2;1;;2007-03-01 00:00:00.000;;3870;;;;;;ISU_UCHEB;2011-11-08 15:55:54.000;ISU_UCHEB;2011-11-08 15:55:54.000;;1
4163;3;"2007/2008";703;118;3243;3;1;;2007-03-01 00:00:00.000;;3872;;;;;;ISU_UCHEB;2011-11-08 15:55:54.000;ISU_UCHEB;2011-11-08 15:55:54.000;;1
4165;3;"2007/2008";703;118;3243;4;1;;2007-03-01 00:00:00.000;;3874;;;;;;ISU_UCHEB;2011-11-08 15:55:54.000;ISU_UCHEB;2011-11-08 15:55:54.000;;1
4646;3;"2007/2008";703;111;2904;1;1;;2007-03-01 00:00:00.000;;;;;;;;ISU_UCHEB;2011-11-08 15:55:54.000;ISU_UCHEB;2011-11-08 15:55:54.000;;1
4981;3;"2008/2009";703;111;2792;6;1;;2008-03-01 00:00:00.000;;4520;;;;;;ISU_UCHEB;2011-11-08 15:55:54.000;ISU_UCHEB;2011-11-08 15:55:54.000;;1
947;3;"2001/2002";703;102;1047;4;1;;2001-05-24 00:00:00.000;;603;;;;;;ISU_UCHEB;2011-11-08 15:55:54.000;ISU_UCHEB;2011-11-08 15:55:54.000;;1
957;3;"2001/2002";703;111;187;4;1;;2001-05-24 00:00:00.000;;604;;;;;;ISU_UCHEB;2011-11-08 15:55:54.000;ISU_UCHEB;2011-11-08 15:55:54.000;;1
958;3;"2001/2002";703;111;187;5;1;;2001-05-24 00:00:00.000;;606;;;;;;ISU_UCHEB;2011-11-08 15:55:54.000;ISU_UCHEB;2011-11-08 15:55:54.000;;1
962;3;"2001/2002";703;111;792;1;1;;2001-05-24 00:00:00.000;17;;;25;;;;ISU_UCHEB;2011-11-08 15:55:54.000;ISU_UCHEB;2011-11-08 15:55:54.000;План обучения студентов первого курса;1
1080;3;"2001/2002";712;102;700;2;2;;2001-05-24 00:00:00.000;;786;;;;;;ISU_UCHEB;2011-11-08 15:55:54.000;ISU_UCHEB;2011-11-08 15:55:54.000;;1
879;3;"2001/2002";703;102;145;5;1;;2001-05-24 00:00:00.000;;;;6;;;;ISU_UCHEB;2011-11-08 15:55:54.000;ISU_UCHEB;2011-11-08 15:55:54.000;План магистров первого года обучения;1
880;3;"2001/2002";703;102;113;6;1;;2001-05-24 00:00:00.000;;608;;;;;;ISU_UCHEB;2011-11-08 15:55:54.000;ISU_UCHEB;2011-11-08 15:55:54.000;;1
881;3;"2001/2002";703;102;134;6;1;;2001-05-24 00:00:00.000;;609;;;;;;ISU_UCHEB;2011-11-08 15:55:54.000;ISU_UCHEB;2011-11-08 15:55:54.000;;1
882;3;"2001/2002";703;102;143;6;1;;2001-05-24 00:00:00.000;;611;;;;;;ISU_UCHEB;2011-11-08 15:55:54.000;ISU_UCHEB;2011-11-08 15:55:54.000;;1
883;3;"2001/2002";703;102;144;6;1;;2001-05-24 00:00:00.000;;612;;;;;;ISU_UCHEB;2011-11-08 15:55:54.000;ISU_UCHEB;2011-11-08 15:55:54.000;;1
4817;5;"2008/2009";703;111;2792;5;1;;2008-03-01 00:00:00.000;;;;;;;;ISU_UCHEB;2011-11-08 15:55:54.000;ISU_UCHEB;2011-11-08 15:55:54.000;;1
4818;3;"2008/2009";703;111;3492;5;1;;2008-03-01 00:00:00.000;;;;;;;;ISU_UCHEB;2011-11-08 15:55:54.000;ISU_UCHEB;2011-11-08 15:55:54.000;План магистров первого года обучения;1
761;3;"2000/2001";703;102;113;6;1;;2000-05-24 00:00:00.000;;;;;;;;ISU_UCHEB;2011-11-08 15:55:54.000;ISU_UCHEB;2011-11-08 15:55:54.000;;1
876;3;"2001/2002";703;102;134;5;1;;2001-05-24 00:00:00.000;;607;;;;;;ISU_UCHEB;2011-11-08 15:55:54.000;ISU_UCHEB;2011-11-08 15:55:54.000;;1
666;3;"2000/2001";717;212;262;2;1;;2000-05-24 00:00:00.000;;309;;;;;;ISU_UCHEB;2011-11-08 15:55:54.000;ISU_UCHEB;2011-11-08 15:55:54.000;;1
667;3;"2000/2001";717;212;767;1;1;;2000-05-24 00:00:00.000;;;;;;;;ISU_UCHEB;2011-11-08 15:55:54.000;ISU_UCHEB;2011-11-08 15:55:54.000;План обучения студентов первого курса;1
668;3;"2000/2001";717;212;262;3;1;;2000-05-24 00:00:00.000;;310;;;;;;ISU_UCHEB;2011-11-08 15:55:54.000;ISU_UCHEB;2011-11-08 15:55:54.000;;1
669;3;"2000/2001";717;212;262;4;1;;2000-05-24 00:00:00.000;;311;;;;;;ISU_UCHEB;2011-11-08 15:55:54.000;ISU_UCHEB;2011-11-08 15:55:54.000;;1
670;3;"2000/2001";717;212;64;5;1;;2000-05-24 00:00:00.000;;;;;;;;ISU_UCHEB;2011-11-08 15:55:54.000;ISU_UCHEB;2011-11-08 15:55:54.000;План магистров первого года обучения;1
671;3;"2000/2001";717;212;64;6;1;;2000-05-24 00:00:00.000;;313;;;;;;ISU_UCHEB;2011-11-08 15:55:54.000;ISU_UCHEB;2011-11-08 15:55:54.000;;1
6388;3;"2010/2011";703;102;3257;5;1;;2010-03-01 00:00:00.000;;;;7;;;;ISU_UCHEB;2011-11-08 15:55:54.000;ISU_UCHEB;2011-11-08 15:55:54.000;План магистров первого года обучения;1
6389;3;"2010/2011";703;102;3258;5;1;;2010-03-01 00:00:00.000;;;;8;;;;ISU_UCHEB;2011-11-08 15:55:54.000;ISU_UCHEB;2011-11-08 15:55:54.000;План магистров первого года обучения;1
6391;3;"2010/2011";703;102;3257;6;1;;2010-03-01 00:00:00.000;;5620;;;;;;ISU_UCHEB;2011-11-08 15:55:54.000;ISU_UCHEB;2011-11-08 15:55:54.000;;1
7740;3;"2011/2012";717;212;3598;5;1;"2";2011-03-01 00:00:00.000;;;;12;;;;ISU_UCHEB;2011-11-08 15:55:54.000;ISU_UCHEB;2011-11-08 15:55:54.000;План магистров первого года обучения;1
7168;5;"2010/2011";703;111;3492;5;1;;2010-03-01 00:00:00.000;;;;2;;;;ISU_UCHEB;2011-11-08 15:55:54.000;ISU_UCHEB;2011-11-08 15:55:54.000;;2
7179;3;"2010/2011";703;102;3258;6;1;;2010-03-01 00:00:00.000;;5621;;;;;;ISU_UCHEB;2011-11-08 15:55:54.000;ISU_UCHEB;2011-11-08 15:55:54.000;;3
6432;3;"2010/2011";717;212;2767;1;1;;2010-03-01 00:00:00.000;;;;40;;;;ISU_UCHEB;2011-11-08 15:55:54.000;ISU_UCHEB;2011-11-08 15:55:54.000;План обучения студентов первого курса;1
6433;3;"2010/2011";717;212;2767;2;1;;2010-03-01 00:00:00.000;;5676;;;;;;ISU_UCHEB;2011-11-08 15:55:54.000;ISU_UCHEB;2011-11-08 15:55:54.000;;1
6434;3;"2010/2011";717;212;2767;3;1;;2010-03-01 00:00:00.000;;5677;;;;;;ISU_UCHEB;2011-11-08 15:55:54.000;ISU_UCHEB;2011-11-08 15:55:54.000;;1
6166;3;"2009/2010";703;102;3257;5;1;;2009-03-01 00:00:00.000;;;;;;;;ISU_UCHEB;2011-11-08 15:55:54.000;ISU_UCHEB;2011-11-08 15:55:54.000;План магистров первого года обучения;2
6167;3;"2009/2010";703;102;3258;5;1;;2009-03-01 00:00:00.000;;;;;;;;ISU_UCHEB;2011-11-08 15:55:54.000;ISU_UCHEB;2011-11-08 15:55:54.000;План магистров первого года обучения;2
6168;3;"2009/2010";703;102;3259;5;1;;2009-03-01 00:00:00.000;;;;;;;;ISU_UCHEB;2011-11-08 15:55:54.000;ISU_UCHEB;2011-11-08 15:55:54.000;План магистров первого года обучения;2
6169;3;"2009/2010";703;102;3499;5;1;;2009-03-01 00:00:00.000;;;;;;;;ISU_UCHEB;2011-11-08 15:55:54.000;ISU_UCHEB;2011-11-08 15:55:54.000;План магистров первого года обучения;2
6170;3;"2009/2010";703;102;3500;5;1;;2009-03-01 00:00:00.000;;;;;;;;ISU_UCHEB;2011-11-08 15:55:54.000;ISU_UCHEB;2011-11-08 15:55:54.000;План магистров первого года обучения;2
6091;3;"2009/2010";703;118;2904;4;1;;2009-03-01 00:00:00.000;;5185;;;;;;ISU_UCHEB;2011-11-08 15:55:54.000;ISU_UCHEB;2011-11-08 15:55:54.000;;1
6436;3;"2010/2011";717;212;3519;5;1;;2010-03-01 00:00:00.000;;;;7;;;;ISU_UCHEB;2011-11-08 15:55:54.000;ISU_UCHEB;2011-11-08 15:55:54.000;План магистров первого года обучения;1
6437;3;"2010/2011";717;212;3520;5;1;;2010-03-01 00:00:00.000;;;;7;;;;ISU_UCHEB;2011-11-08 15:55:54.000;ISU_UCHEB;2011-11-08 15:55:54.000;План магистров первого года обучения;1
6438;3;"2010/2011";703;118;3243;2;1;;2010-03-01 00:00:00.000;;6190;;;;;;ISU_UCHEB;2011-11-08 15:55:54.000;ISU_UCHEB;2011-11-08 15:55:54.000;;1
6451;3;"2010/2011";703;102;3257;6;1;;2010-03-01 00:00:00.000;;5620;;;;;;ISU_UCHEB;2011-11-08 15:55:54.000;ISU_UCHEB;2011-11-08 15:55:54.000;;2
7607;3;"2011/2012";703;118;3243;5;1;;2011-03-01 00:00:00.000;;7098;;;;;;ISU_UCHEB;2011-11-08 15:55:54.000;ISU_UCHEB;2011-11-08 15:55:54.000;;1
7608;3;"2011/2012";703;118;3559;6;1;"2";2011-03-01 00:00:00.000;;7071;;;;;;ISU_UCHEB;2011-11-08 15:55:54.000;ISU_UCHEB;2011-11-08 15:55:54.000;;1
7584;3;"2011/2012";703;102;3622;5;1;;2011-03-01 00:00:00.000;;;;1;;;;ISU_UCHEB;2011-11-08 15:55:54.000;ISU_UCHEB;2011-11-08 15:55:54.000;План магистров первого года обучения;2
7585;3;"2011/2012";703;102;3621;5;1;;2011-03-01 00:00:00.000;;;;2;;;;ISU_UCHEB;2011-11-08 15:55:54.000;ISU_UCHEB;2011-11-08 15:55:54.000;План магистров первого года обучения;2
7586;3;"2011/2012";703;102;3620;5;1;;2011-03-01 00:00:00.000;;;;4;;;;ISU_UCHEB;2011-11-08 15:55:54.000;ISU_UCHEB;2011-11-08 15:55:54.000;План магистров первого года обучения;2
7587;3;"2011/2012";703;102;3625;5;1;;2011-03-01 00:00:00.000;;;;13;;;;ISU_UCHEB;2011-11-08 15:55:54.000;ISU_UCHEB;2011-11-08 15:55:54.000;План магистров первого года обучения;2
7588;3;"2011/2012";703;111;3627;5;1;;2011-03-01 00:00:00.000;;;;7;;;;ISU_UCHEB;2011-11-08 15:55:54.000;ISU_UCHEB;2011-11-08 15:55:54.000;План магистров первого года обучения;2
6484;3;"2010/2011";703;102;3258;6;1;;2010-03-01 00:00:00.000;;;;;;;;ISU_UCHEB;2011-11-08 15:55:54.000;ISU_UCHEB;2011-11-08 15:55:54.000;;2
6487;3;"2010/2011";703;102;3499;6;1;;2010-03-01 00:00:00.000;;;;;;;;ISU_UCHEB;2011-11-08 15:55:54.000;ISU_UCHEB;2011-11-08 15:55:54.000;;2
6519;3;"2010/2011";703;102;2904;1;1;;2010-03-01 00:00:00.000;7;;;68;;;;ISU_UCHEB;2011-11-08 15:55:54.000;ISU_UCHEB;2011-11-08 15:55:54.000;План обучения студентов первого курса;1
6520;3;"2010/2011";703;102;2700;1;1;;2010-03-01 00:00:00.000;5;;;15;;;;ISU_UCHEB;2011-11-08 15:55:54.000;ISU_UCHEB;2011-11-08 15:55:54.000;План обучения студентов первого курса;1
6521;3;"2010/2011";703;102;2904;2;1;;2010-03-01 00:00:00.000;;5603;;;;;;ISU_UCHEB;2011-11-08 15:55:54.000;ISU_UCHEB;2011-11-08 15:55:54.000;;1
6523;3;"2010/2011";703;102;2904;3;1;;2010-03-01 00:00:00.000;15;5605;;;;;;ISU_UCHEB;2011-11-08 15:55:54.000;ISU_UCHEB;2011-11-08 15:55:54.000;;1
6525;3;"2010/2011";703;102;2904;4;1;;2010-03-01 00:00:00.000;;5607;;;;;;ISU_UCHEB;2011-11-08 15:55:54.000;ISU_UCHEB;2011-11-08 15:55:54.000;;1
6526;3;"2010/2011";703;102;3500;6;1;;2010-03-01 00:00:00.000;;;;;;;;ISU_UCHEB;2011-11-08 15:55:54.000;ISU_UCHEB;2011-11-08 15:55:54.000;;2
7559;3;"2011/2012";703;111;3627;5;1;;2011-03-01 00:00:00.000;;;;7;;;;ISU_UCHEB;2011-11-08 15:55:54.000;ISU_UCHEB;2011-11-08 15:55:54.000;План магистров первого года обучения;1
7561;3;"2011/2012";703;102;3625;5;1;;2011-03-01 00:00:00.000;1;;;13;;;;ISU_UCHEB;2011-11-08 15:55:54.000;ISU_UCHEB;2011-11-08 15:55:54.000;План магистров первого года обучения;1
7563;3;"2011/2012";703;102;3621;5;1;;2011-03-01 00:00:00.000;;;;1;;;;ISU_UCHEB;2011-11-08 15:55:54.000;ISU_UCHEB;2011-11-08 15:55:54.000;План магистров первого года обучения;1
7566;3;"2011/2012";703;102;3620;5;1;;2011-03-01 00:00:00.000;;;;3;;;;ISU_UCHEB;2011-11-08 15:55:54.000;ISU_UCHEB;2011-11-08 15:55:54.000;План магистров первого года обучения;1
7568;3;"2011/2012";703;102;3624;5;1;;2011-03-01 00:00:00.000;1;;;8;;;;ISU_UCHEB;2011-11-08 15:55:54.000;ISU_UCHEB;2011-11-08 15:55:54.000;План магистров первого года обучения;2
7569;3;"2011/2012";703;102;3623;5;1;;2011-03-01 00:00:00.000;;;;2;;;;ISU_UCHEB;2011-11-08 15:55:54.000;ISU_UCHEB;2011-11-08 15:55:54.000;План магистров первого года обучения;2
7012;3;"2010/2011";703;111;2792;3;1;;2010-03-01 00:00:00.000;;5616;;;;;;ISU_UCHEB;2011-11-08 15:55:54.000;ISU_UCHEB;2011-11-08 15:55:54.000;;1
6175;3;"2009/2010";703;118;3528;5;1;;2009-03-01 00:00:00.000;;;;;;;;ISU_UCHEB;2011-11-08 15:55:54.000;ISU_UCHEB;2011-11-08 15:55:54.000;План магистров первого года обучения;5509
6377;5;"2009/2010";703;118;3528;5;1;;2009-03-01 00:00:00.000;;;;;;;;ISU_UCHEB;2011-11-08 15:55:54.000;ISU_UCHEB;2011-11-08 15:55:54.000;;5509
7013;3;"2010/2011";703;111;2904;4;1;;2010-03-01 00:00:00.000;;6113;;;;;;ISU_UCHEB;2011-11-08 15:55:54.000;ISU_UCHEB;2011-11-08 15:55:54.000;;1
7014;3;"2010/2011";703;111;2792;4;1;;2010-03-01 00:00:00.000;;6112;;;;;;ISU_UCHEB;2011-11-08 15:55:54.000;ISU_UCHEB;2011-11-08 15:55:54.000;;1
7015;3;"2010/2011";703;102;3257;5;1;;2010-03-01 00:00:00.000;;;;8;;;;ISU_UCHEB;2011-11-08 15:55:54.000;ISU_UCHEB;2011-11-08 15:55:54.000;;2
